method,yaw_init_error_deg,trial,success,converged,initial_rotation_error_deg,initial_translation_error_m,initial_depth_rel_rmse,stage_rotation_error_deg,rotation_error_deg,translation_error_m,tilt_error_deg,yaw_error_deg,depth_rel_rmse,depth_rel_median,inlier_depth_rel_rmse,inlier_depth_rel_median,cost,nfev
ba_uv_joint,0.0,0,False,False,23.986442863150423,0.28,0.6306155137556851,nan,23.88696616654137,0.2800661333237119,23.92677869602067,6.03723918290665,1.5666773109775456,0.21987024053165172,0.2894886709379245,0.20911927644810321,87964.07238458277,120
ba_polar_plain_joint,0.0,0,False,False,23.986442863150423,0.28,0.6306155137556851,nan,23.985069634598876,0.28000986639666503,23.998976786149115,0.0038113970346004855,3.3414913975087415,0.5525934917513335,3.4204845450914747,0.5634227317110807,59802.36789465683,120
ba_polar_cov_joint,0.0,0,False,False,23.986442863150423,0.28,0.6306155137556851,nan,23.972221902622636,0.28013802058834203,23.987565571828796,2.4600836695072665,2.37967494130279,0.4653415095151354,1.976940308550032,0.4607029553527315,82329.8122051752,120
ba_polar_staged,0.0,0,False,True,23.986442863150423,0.28,0.6306155137556851,1.5421495760573103,1.5497061380132207,0.27989445940733304,1.5500178607819075,0.41134254235592044,1.475924168309547,0.15448472156782828,0.32923863960251626,0.14522632183201264,19473.88750061571,108
ba_uv_joint,0.0,1,False,False,23.999832775359355,0.2800000000000001,0.6485677894857016,nan,23.942813071968363,0.28002396446216404,23.9887500609552,9.134902843917576,6.392769818020663,4.3559429484404895,6.266950726012063,4.305485729344309,84795.29696315041,120
ba_polar_plain_joint,0.0,1,False,False,23.999832775359355,0.2800000000000001,0.6485677894857016,nan,23.948822532379033,0.2799940758733728,23.994697827294832,0.008770538036721976,4.969729031877801,3.327593082562191,4.540891786248845,3.2404128173219195,62949.450291131405,120
ba_polar_cov_joint,0.0,1,False,False,23.999832775359355,0.2800000000000001,0.6485677894857016,nan,23.97225522519719,0.2799963247426571,23.97240566745064,17.265537625995016,4.158075264532084,3.0368420068728836,3.578571642544697,3.0318185136502835,73310.99066965925,120
ba_polar_staged,0.0,1,False,False,23.999832775359355,0.2800000000000001,0.6485677894857016,3.4666218027092315,3.4653965785055703,0.27991968642600706,3.464862602937859,1.2395476903037446,1.4603199271461456,0.2049054179457414,0.25797803580064194,0.20156829800427783,19527.314877410117,110
ba_uv_joint,0.0,2,False,False,23.989403568148948,0.28,0.691574166964641,nan,3.5279067911826343,0.2965771175693696,3.535988541173244,0.30787638104644083,0.8552394609572365,0.2674873515861609,0.27438870987036845,0.26156326065575924,13798.491625386654,120
ba_polar_plain_joint,0.0,2,False,False,23.989403568148948,0.28,0.691574166964641,nan,23.988795662670633,0.2799891403579591,23.999406729299416,0.0015639855281973736,3.902364066061729,0.7286676318615102,3.462282759969965,0.7229279184580061,68200.7347022366,120
ba_polar_cov_joint,0.0,2,False,False,23.989403568148948,0.28,0.691574166964641,nan,23.988153259692652,0.2800016102689115,23.998744159384625,0.0003725208381357927,3.8754221756191556,0.7323500913479812,3.3137423904934393,0.721539802300014,120386.31211126542,120
ba_polar_staged,0.0,2,False,True,23.989403568148948,0.28,0.691574166964641,2.0314966186937693,2.0156479926588045,0.2796874486622393,1.9484779504992817,0.8616192913262771,1.606757878232618,0.10493548604495712,0.32341315277580107,0.09949424941653585,18853.20988357483,111
ba_uv_joint,0.0,3,False,False,23.984683709028257,0.28,0.8291131327014282,nan,23.954181905893837,0.2799803142465294,23.996162788623923,0.01882229183497581,3.545980944553488,1.0876585803337693,2.9091267164244567,1.062759383037544,103783.79552237963,120
ba_polar_plain_joint,0.0,3,False,False,23.984683709028257,0.28,0.8291131327014282,nan,23.957060991747195,0.2800903428550614,23.983587537311855,0.012850397013987654,5.778342325909537,3.9158526584014473,5.458315384146068,3.8751358137840843,65946.18168367023,120
ba_polar_cov_joint,0.0,3,False,False,23.984683709028257,0.28,0.8291131327014282,nan,23.950790110215163,0.2799881050422237,23.98849691488618,0.023594632476690115,5.015856154896115,3.6752877124558694,4.598315236825537,3.672253685416826,110726.02765103341,120
ba_polar_staged,0.0,3,False,True,23.984683709028257,0.28,0.8291131327014282,0.891745948889889,0.9030421325533053,0.2796598855072939,0.8429982511635263,0.18564858922920077,1.5048901494648976,0.19205954959213417,0.4330720158203875,0.18745494003701588,19697.75539581138,108
ba_uv_joint,0.0,4,False,False,23.969960127396902,0.2800000000000001,0.8995813055601621,nan,23.961982719671614,0.2799873788210344,23.9922719073637,0.035035390929411485,1.9460589419219023,0.6780145209775044,1.1969281869058381,0.6469645437807254,104640.24890078127,120
ba_polar_plain_joint,0.0,4,False,False,23.969960127396902,0.2800000000000001,0.8995813055601621,nan,23.968966728739794,0.2799991715898918,23.999294943328152,0.007299166796607744,3.0876197309328037,0.5638068042367399,2.8148337664712053,0.5662531060245888,61833.32941549373,120
ba_polar_cov_joint,0.0,4,False,False,23.969960127396902,0.2800000000000001,0.8995813055601621,nan,36.37555276427066,0.2799982912457654,23.999000519055166,28.87093954750737,2.6838593747276196,0.5612109961794249,2.354416103636274,0.5593990218722494,104708.4520726059,120
ba_polar_staged,0.0,4,False,True,23.969960127396902,0.2800000000000001,0.8995813055601621,0.8149217691976443,0.8361600715273126,0.2794585788073631,0.8262515950300282,0.25305232644095704,1.5034622020021948,0.13508481895502708,0.41069403705072616,0.13232206606725333,16743.14227266158,110
ba_uv_joint,0.0,5,False,False,23.999874905998873,0.28,0.6656599699409727,nan,23.96206130796861,0.2800521921369252,23.995494478532684,15.473239914428472,1.656082110860551,0.6497448182561949,0.6306606250059061,0.6465177354148582,46097.21255798247,120
ba_polar_plain_joint,0.0,5,False,False,23.999874905998873,0.28,0.6656599699409727,nan,23.992621635732224,0.2800118596720354,23.9997169138179,0.0026843607738406073,3.043515727254507,0.6592866098863848,2.770497317478547,0.6507605575372274,46834.19466191804,120
ba_polar_cov_joint,0.0,5,False,False,23.999874905998873,0.28,0.6656599699409727,nan,41.64288480605721,0.27999862212039206,23.99985763665908,34.017158341515,1.6012737808350868,0.5900756205776807,1.5967032289339038,0.5826151275590128,84148.44396390422,120
ba_polar_staged,0.0,5,False,True,23.999874905998873,0.28,0.6656599699409727,1.7109223937884175,1.7107567035702924,0.2799654502180245,1.6981638560636658,1.0291022664574996,1.5040442026359209,0.1213872068736561,0.43122266429528433,0.11997565663852483,18640.23438724825,111
ba_uv_joint,30.0,0,False,False,42.18820184226305,0.2800000000000001,0.6647335189540461,nan,42.078556919569415,0.27994311878156464,23.9994682408038,30.003547768907676,6.464548860527648,5.046896678739779,6.386245244045983,5.061162253130343,133784.75212450649,120
ba_polar_plain_joint,30.0,0,False,False,42.18820184226305,0.2800000000000001,0.6647335189540461,nan,35.90938243156804,0.2798729200074563,23.913274580066357,30.00186757273319,2.6204487535786303,0.5777795420527339,2.2341415127939457,0.5538466268089167,40165.726231038745,120
ba_polar_cov_joint,30.0,0,False,False,42.18820184226305,0.2800000000000001,0.6647335189540461,nan,37.65501060394458,0.27987380631743514,23.981020832411446,37.95836878885279,3.0302354001612573,0.9309699225667569,2.704387026317641,0.9237908005838271,88090.93276246852,120
ba_polar_staged,30.0,0,False,False,42.18820184226305,0.2800000000000001,0.6647335189540461,3.087108328522927,3.092691460122589,0.280156273327183,2.64557555691239,1.596343693604743,1.4646963069668066,0.1447979600696731,0.2747541424032615,0.13609621344658052,21415.01997097917,115
ba_uv_joint,30.0,1,False,False,34.59268360634975,0.28,1.0404594080440666,nan,34.588901250951736,0.28004708277791734,23.992917785701184,29.9999019301184,4.610051935845279,3.5155348967747093,4.272132947961853,3.5380174103631097,91755.84406483636,120
ba_polar_plain_joint,30.0,1,False,False,34.59268360634975,0.28,1.0404594080440666,nan,34.592948104530976,0.28036919485822565,23.992369198429994,30.005462830069963,4.2445144251081155,1.0934840005392399,4.030393877977611,1.0194991392289392,49195.628379188325,120
ba_polar_cov_joint,30.0,1,False,False,34.59268360634975,0.28,1.0404594080440666,nan,34.5913430228535,0.280015700032181,23.996298707687306,30.000741375804758,3.9764655770952015,1.784349778010086,3.7394406174806303,1.7720394345782562,89628.657007672,120
ba_polar_staged,30.0,1,False,True,34.59268360634975,0.28,1.0404594080440666,2.246062310695022,2.18391804434334,0.27898812098599846,2.1280118277097597,0.8848248298886789,1.4734933002378314,0.11859140458823408,0.30727974256607116,0.10020787639776096,18655.08510223406,113
ba_uv_joint,30.0,2,False,False,40.96018712505427,0.28,0.7555207692468506,nan,40.923258939155374,0.27995049003930245,23.991974936534756,29.995628055949812,4.417913872118542,2.7755969236167903,3.8898474440047743,2.7550010903140523,128601.05568110348,120
ba_polar_plain_joint,30.0,2,False,False,40.96018712505427,0.28,0.7555207692468506,nan,40.953684333116165,0.2800182340227233,23.999506432977594,30.00037796834907,2.6959541021427866,0.6059842102928388,2.3238669252385136,0.5852178920202658,45753.91576697523,120
ba_polar_cov_joint,30.0,2,False,False,40.96018712505427,0.28,0.7555207692468506,nan,32.27509186368418,0.28003253519859644,23.997126995428573,25.672843560686818,2.3132798441763947,0.5877212337491338,1.8704874198249368,0.5864623659871873,92872.17840847197,120
ba_polar_staged,30.0,2,False,True,40.96018712505427,0.28,0.7555207692468506,1.2870535682391122,1.2853338236815535,0.27998518121348365,0.7110039682413442,1.2414506540762815,1.4601984996669135,0.13703862194753957,0.261627667627478,0.13438231269167256,18715.437041407367,114
ba_uv_joint,30.0,3,False,False,42.80352586628761,0.2800000000000001,0.7113221999155086,nan,42.77460009898852,0.27998166372482985,23.9945819811685,30.000020532916867,3.4206687998552607,0.8196498408969667,2.6191729282264755,0.8097964783534085,129273.33565278827,120
ba_polar_plain_joint,30.0,3,False,False,42.80352586628761,0.2800000000000001,0.7113221999155086,nan,42.7848208292652,0.279996991854152,23.999270456046236,30.00102148434028,3.203300740370904,0.6556769278255907,2.9431814811936765,0.6221889696003174,61502.91176033855,120
ba_polar_cov_joint,30.0,3,False,False,42.80352586628761,0.2800000000000001,0.7113221999155086,nan,34.03165828584574,0.27998220712939254,23.9981552383781,27.581541910161995,2.7154355110408446,0.6218693536283781,2.7798704177355265,0.5976290205068925,72748.13172225008,120
ba_polar_staged,30.0,3,False,True,42.80352586628761,0.2800000000000001,0.7113221999155086,2.045316675265464,2.043445075532133,0.2800171681034027,1.960238159208607,0.6937637291784178,1.607417657133253,0.128096957791481,0.34061986560111696,0.12056379831975637,19282.910057666413,117
ba_uv_joint,30.0,4,False,False,38.62628872317659,0.28,0.5143512208552358,nan,38.59963107036035,0.27992340506305635,23.98333829569239,29.997998922079343,2.3004719256928143,0.5134091478511538,1.4850546105137088,0.5012668003001078,99147.34312249397,120
ba_polar_plain_joint,30.0,4,False,False,38.62628872317659,0.28,0.5143512208552358,nan,38.62308876582901,0.27999772850457116,23.998421427584297,29.99869561974652,2.2733875448817034,0.6951255905533825,1.8170058662892716,0.6963385530192262,50404.71662339866,120
ba_polar_cov_joint,30.0,4,False,False,38.62628872317659,0.28,0.5143512208552358,nan,37.67024313239231,0.28000317210915593,23.998639075789782,29.99794099676257,2.7705283420928386,0.7013262992062901,1.8716322988187815,0.6761847712252897,102209.76176877931,120
ba_polar_staged,30.0,4,False,True,38.62628872317659,0.28,0.5143512208552358,2.2634581946269323,2.2622292470927463,0.2799505207168481,2.204694329678744,0.8344101395032414,1.4631715432269154,0.11151655453591645,0.2585907655120701,0.10435289289954962,17922.45898105094,116
ba_uv_joint,30.0,5,False,False,38.41825894904406,0.27999999999999997,0.6209376828762483,nan,36.541828129702054,0.30414501223431106,23.993601642506075,29.98639163583506,1.641502822055449,0.529415350033708,0.5860353440758654,0.5192019580211702,67108.32182184159,120
ba_polar_plain_joint,30.0,5,False,False,38.41825894904406,0.27999999999999997,0.6209376828762483,nan,38.41713969022199,0.28002400415286505,24.00071676116441,29.99916334673945,3.0810697183529636,0.7805026244883043,2.8078834560643617,0.7808274001618907,40943.50636740374,120
ba_polar_cov_joint,30.0,5,False,False,38.41825894904406,0.27999999999999997,0.6209376828762483,nan,38.4177753729409,0.2800060323458903,24.005977204173124,29.999889635241892,2.324820180651759,0.7361460813281742,1.9056137028520437,0.7356014422939997,78115.33481705407,120
ba_polar_staged,30.0,5,False,True,38.41825894904406,0.27999999999999997,0.6209376828762483,1.64096142619647,1.657636165673659,0.28004709400223354,1.57606102400409,0.8112533719309662,1.6081898509287338,0.14160219556791648,0.3556055102439019,0.1308248404510451,21229.99259149478,115
ba_uv_joint,60.0,0,False,False,65.08623593962723,0.2800000000000001,0.8061622118430829,nan,65.07796197001625,0.28003226518473096,23.998876143771565,59.99350990922983,3.521411615304289,0.8252492576868831,3.2596232308019455,0.8250729301480603,131398.78321872812,120
ba_polar_plain_joint,60.0,0,False,False,65.08623593962723,0.2800000000000001,0.8061622118430829,nan,65.08162405475524,0.28000402773373,23.999263944238127,59.998054352770964,2.9217385125486004,0.729894522902558,2.6214642321567463,0.7506783147579082,49883.913724522565,120
ba_polar_cov_joint,60.0,0,False,False,65.08623593962723,0.2800000000000001,0.8061622118430829,nan,24.005535552779147,0.28000954354851915,23.995549842565016,17.66082408951607,1.592126415680944,0.7131153990951218,0.6977233654933375,0.7095954143152942,77561.64855347993,120
ba_polar_staged,60.0,0,False,True,65.08623593962723,0.2800000000000001,0.8061622118430829,1.445269518616285,1.4249245225756224,0.2798204927104135,1.4601474465187987,0.9010987125001803,1.468418788018204,0.18026403792144002,0.2755252800976209,0.1720484620269438,19608.04748519104,118
ba_uv_joint,60.0,1,False,False,68.91279380837543,0.28,0.6439126591492332,nan,68.90543382161026,0.28003645863004084,23.995226824743686,59.996275784338636,6.338335360833403,4.355164923605514,6.1173395393552,4.406400137602344,175933.3243736103,120
ba_polar_plain_joint,60.0,1,False,False,68.91279380837543,0.28,0.6439126591492332,nan,68.8999881166006,0.2800404841979925,23.999520740121554,59.998663091438516,5.141376510100905,3.9158526584396087,4.758784212353146,3.875135814124075,59176.90855425883,120
ba_polar_cov_joint,60.0,1,False,False,68.91279380837543,0.28,0.6439126591492332,nan,68.88122671002304,0.28003766423064275,23.996874032187446,59.9888026203348,5.3081468425088785,3.6607695847246107,4.953717239623157,3.672279357113974,196619.57875756404,120
ba_polar_staged,60.0,1,False,True,68.91279380837543,0.28,0.6439126591492332,1.4893417503369275,1.3323505831562918,0.2779459840181351,1.3327086080475319,0.47952351364930346,1.4905799732385947,0.1548140566130886,0.38198937395570365,0.14898282617667633,18311.029424885597,117
ba_uv_joint,60.0,2,False,False,68.36069147028992,0.27999999999999997,0.5654719737667914,nan,64.44749527053938,0.2800788610291317,29.068116459548587,59.96483679236558,2.2139082036973683,0.7816723832588023,1.7653855456660656,0.7890791805838236,81343.04056331523,120
ba_polar_plain_joint,60.0,2,False,False,68.36069147028992,0.27999999999999997,0.5654719737667914,nan,68.32425755761483,0.2800022540588655,23.999832377144244,59.99170397873357,4.766031544484087,1.66133778070498,4.33896577283131,1.225815734904796,75200.06793619537,120
ba_polar_cov_joint,60.0,2,False,False,68.36069147028992,0.27999999999999997,0.5654719737667914,nan,32.102595815172066,0.2799983468196296,23.99970352048277,21.193087254785226,1.8732365833996274,0.6725704605508804,1.8455539946341046,0.6783006883010787,85868.59257567872,120
ba_polar_staged,60.0,2,False,True,68.36069147028992,0.27999999999999997,0.5654719737667914,1.94243138494306,1.9462158030900436,0.2799715834279733,1.2988377394109283,1.483898720919021,1.5872559674735054,0.13230730727611495,0.19899907808178724,0.12165039848311676,18533.359185512913,116
ba_uv_joint,60.0,3,False,False,62.67605567543793,0.28,0.742155902668577,nan,62.64895541783306,0.2800367903574497,24.10539895054799,59.97376625444671,5.039755570257125,3.768655286084411,4.830987751460184,3.866063321183108,141116.83939170858,120
ba_polar_plain_joint,60.0,3,False,False,62.67605567543793,0.28,0.742155902668577,nan,62.67165679839427,0.2801279803704729,23.994473739317066,59.99685098025565,4.345609623539018,0.9985283189352632,3.5508577825284786,0.8890330722153457,62650.81915268097,120
ba_polar_cov_joint,60.0,3,False,False,62.67605567543793,0.28,0.742155902668577,nan,62.66299030127209,0.28007296722194513,23.995844431205573,59.98693961634628,4.309613273036564,2.781423763141729,4.1002057625120525,2.7313060695294746,104525.38591812304,120
ba_polar_staged,60.0,3,False,True,62.67605567543793,0.28,0.742155902668577,2.296481687575367,2.2852121972856514,0.2798231296600294,2.1843959675166484,1.0057859485536995,1.618228651358555,0.14663289344224076,0.40625496459341087,0.11815098162705948,18958.613066406902,109
ba_uv_joint,60.0,4,False,False,69.0683139356026,0.27999999999999997,0.6146874609999071,nan,69.05409478081162,0.2800333776497311,23.985402428896414,59.99417035165238,4.302342855484959,3.102600457629131,3.8361756881736695,2.7571096015276395,145429.19124602797,120
ba_polar_plain_joint,60.0,4,False,False,69.0683139356026,0.27999999999999997,0.6146874609999071,nan,69.0429496716968,0.2800851609999382,23.98690437424915,59.98127381396821,3.6493172319603735,1.0450183261710206,3.387129161902538,0.7983240971216472,61918.16427237415,120
ba_polar_cov_joint,60.0,4,False,False,69.0683139356026,0.27999999999999997,0.6146874609999071,nan,38.216316616254474,0.28001406421793573,19.31038873234014,35.13289694722493,4.521661851813177,3.6088470516492497,4.030735548089719,3.60539579518501,84522.70191852552,120
ba_polar_staged,60.0,4,False,True,69.0683139356026,0.27999999999999997,0.6146874609999071,1.2586006402402115,1.2581592633830156,0.27992949946502327,1.2642349955203176,0.5738644820156972,1.4620842221875665,0.12729373835078178,0.2699725110601163,0.12382576530633091,17458.868856450543,123
ba_uv_joint,60.0,5,False,False,64.33248746823669,0.28,0.6552705847533208,nan,40.85542761651609,0.2799823268052581,19.377453241740717,37.285828301153934,2.4503868726061033,0.769525613001752,1.962610767533001,0.7691986850039919,62279.676266891285,120
ba_polar_plain_joint,60.0,5,False,False,64.33248746823669,0.28,0.6552705847533208,nan,64.16628868385519,0.28003439489955784,23.980966712164815,59.825073590627966,1.6222516051800615,0.2742568988296259,0.8257667131233255,0.23305126929946818,39019.04344317563,120
ba_polar_cov_joint,60.0,5,False,False,64.33248746823669,0.28,0.6552705847533208,nan,33.74325379281842,0.28000801782312973,15.680850992054628,31.960018111128445,2.0107221539917437,0.3982599382237373,1.480506276832362,0.3798448381556795,41834.71318334406,120
ba_polar_staged,60.0,5,False,True,64.33248746823669,0.28,0.6552705847533208,1.5914283678894303,1.5855780677759492,0.27992828393380276,1.5880597672613141,0.3645397712125272,1.4624582665945622,0.10698243428556115,0.23289565645370874,0.10556705537666397,17800.576316013452,111
ba_uv_joint,100.0,0,False,False,104.45065290786549,0.28,0.726048441593452,nan,54.77242532671633,0.2800975940866606,39.95825343336702,47.93090875239015,2.7817490806526717,0.6834404697782162,2.406488645735854,0.6752700795065895,94714.66832502781,120
ba_polar_plain_joint,100.0,0,False,False,104.45065290786549,0.28,0.726048441593452,nan,101.74973337613456,0.2800121911359774,30.137353667204376,99.99357016297878,3.2189231214108425,0.7689374043212127,2.96034925640096,0.7480053657905762,57562.59215145128,120
ba_polar_cov_joint,100.0,0,False,False,104.45065290786549,0.28,0.726048441593452,nan,101.74086027246489,0.2800819067569955,24.001326858470193,99.98428696674712,2.8315260508359437,0.6098057426288949,2.526189785292121,0.5962897529903113,162193.0024331355,120
ba_polar_staged,100.0,0,False,True,104.45065290786549,0.28,0.726048441593452,1.740618731095974,1.7396524753546991,0.2799534601888062,1.7558727336854365,1.4933630173036283,1.4873262034381995,0.16234763284356557,0.3985626728554596,0.15351366144092518,19752.97516627702,122
ba_uv_joint,100.0,1,False,False,100.90022341827978,0.28,0.762197005969388,nan,98.02021647139887,0.2909666631552314,28.855700770177116,97.1095070018554,1.554916441675103,0.7285501492440116,0.6902402182522471,0.729911324935588,123985.39585497812,120
ba_polar_plain_joint,100.0,1,False,False,100.90022341827978,0.28,0.762197005969388,nan,28.429353488117513,0.2800075502888837,25.112499766545124,15.831659866383244,2.701660888669044,0.47998339391739575,2.375896770311415,0.45931782147984046,44189.76783059714,120
ba_polar_cov_joint,100.0,1,False,False,100.90022341827978,0.28,0.762197005969388,nan,28.839154704147404,0.27998784299692464,23.99413540248625,17.44603347807606,2.111450746500143,0.6389552571162007,1.5944213981439044,0.6365700278121803,64113.02428874799,120
ba_polar_staged,100.0,1,False,True,100.90022341827978,0.28,0.762197005969388,1.5449787387795602,1.542712674434606,0.28004656255377586,1.5554480682577894,0.41448654267982354,1.4845695475628746,0.17051423156764714,0.35094616168455806,0.16013206256246476,18015.95030182157,118
ba_uv_joint,100.0,2,False,False,104.29001615346962,0.28,0.6159817743224065,nan,104.27609808847369,0.28003891702578865,24.00336396989909,99.9908982434001,5.665788026408576,3.7394933764707465,5.280188593818847,3.630168853989695,186791.51536424234,120
ba_polar_plain_joint,100.0,2,False,False,104.29001615346962,0.28,0.6159817743224065,nan,101.44428278598116,0.2799973292066821,23.99990543217938,99.99579227793205,3.107317094104637,0.6440671410647977,2.846135437041191,0.6345309404890765,48332.005807967325,120
ba_polar_cov_joint,100.0,2,False,False,104.29001615346962,0.28,0.6159817743224065,nan,101.44455850596486,0.2799946264393067,24.000325302352124,99.99603653802325,2.2194174604995456,0.6200618946049925,1.806311822104797,0.6179267555202297,151685.27649952302,120
ba_polar_staged,100.0,2,False,True,104.29001615346962,0.28,0.6159817743224065,2.0048992423172676,1.9949553669251137,0.2799318357173228,1.9600849086649275,0.7419211838079752,1.465471184116601,0.13065457162204747,0.29321754862970395,0.1270235018063381,20365.672755532592,112
ba_uv_joint,100.0,3,False,False,107.65234940708363,0.2800000000000001,0.6843695742314804,nan,96.82355328001175,1.2802446361709385,24.299226017238716,99.99719239069799,5.057749439442398,3.6661569527384863,4.523256620328936,3.6117551559200987,144665.08135745552,120
ba_polar_plain_joint,100.0,3,False,False,107.65234940708363,0.2800000000000001,0.6843695742314804,nan,37.85975761845671,0.2799983049211906,23.99849054534044,24.189958128206143,4.677879252519925,3.5826856095700057,4.236206715015225,3.553072911028611,47143.40460966738,120
ba_polar_cov_joint,100.0,3,False,False,107.65234940708363,0.2800000000000001,0.6843695742314804,nan,36.82315092529191,0.2800049204094878,23.995432860881515,22.866348715148714,4.80661496848659,3.6422888326590295,4.350669385000819,3.6122983081134894,114953.86003071765,120
ba_polar_staged,100.0,3,False,True,107.65234940708363,0.2800000000000001,0.6843695742314804,1.7237158078060373,1.726704432094612,0.27957141000510527,1.7343782280064015,0.6929564248478153,1.4733009069010574,0.13586023395909164,0.28984711040878336,0.12615129091416316,18772.070613279175,114
ba_uv_joint,100.0,4,False,False,108.0042015115653,0.27999999999999997,0.6380651346951592,nan,107.88085324563738,0.28002575988526596,23.988675090423772,99.97358450085551,7.066777371285599,5.228131044694305,6.709649437447654,5.128118408301329,284374.7052452237,120
ba_polar_plain_joint,100.0,4,False,False,108.0042015115653,0.27999999999999997,0.6380651346951592,nan,27.84874894249724,0.28003940621720735,26.24762034829978,6.82290945697451,1.554717325586591,0.499250103396821,0.6639195635561607,0.4935309278054947,35946.44630196933,120
ba_polar_cov_joint,100.0,4,False,False,108.0042015115653,0.27999999999999997,0.6380651346951592,nan,32.4734006130307,0.2800673147263832,30.787352969878967,6.044794295498464,1.6800698512487953,0.6761739110649416,0.6511658116813552,0.6713136037247666,121863.1647340955,120
ba_polar_staged,100.0,4,False,True,108.0042015115653,0.27999999999999997,0.6380651346951592,2.51243907564158,2.5112498307561544,0.27995273713845653,2.529239863272619,1.411614545958371,1.4757277328563847,0.18193693284410778,0.3489890816611011,0.17390072958501762,19206.759937962845,116
ba_uv_joint,100.0,5,False,False,100.20984492997856,0.27999999999999997,0.7592820853792528,nan,100.17377829207032,0.2801495487051637,41.27651666259512,99.96167966414528,1.826147670320189,0.5258948527213541,1.0122973206078318,0.5018669970843748,144456.69305867233,120
ba_polar_plain_joint,100.0,5,False,False,100.20984492997856,0.27999999999999997,0.7592820853792528,nan,100.19478087418695,0.2800226250515429,23.998853995391947,99.98444691755782,1.7207436595716554,0.5038274958756486,1.0276710139132341,0.5043672275966571,34963.4027251746,120
ba_polar_cov_joint,100.0,5,False,False,100.20984492997856,0.27999999999999997,0.7592820853792528,nan,100.19756086608417,0.28001994263635094,25.162963335054087,99.9871408136422,4.1478035353065135,2.7413707034849404,3.9596454023600374,2.7571096015277696,129569.82650733016,120
ba_polar_staged,100.0,5,False,True,100.20984492997856,0.27999999999999997,0.7592820853792528,2.69948957292182,2.6867716935934065,0.28001879885660574,2.2929954107317587,1.201837674934524,1.4692790319807956,0.12275518114504982,0.2970443335724588,0.11436467588369552,17938.794670399744,120
ba_uv_joint,140.0,0,False,False,145.89393184018934,0.28,0.8020967668952655,nan,131.27000798956286,0.28010565188241526,38.68082440713151,128.80549733686786,4.435827546934044,2.2105012487142077,4.280595763153653,2.174815817521522,158758.33528929294,120
ba_polar_plain_joint,140.0,0,False,False,145.89393184018934,0.28,0.8020967668952655,nan,30.188446091023245,0.2805244547185946,24.00695428085824,24.331159290480137,3.853395690939899,1.0188877398217548,3.3538782154462132,0.9877771311978413,58311.896439328935,120
ba_polar_cov_joint,140.0,0,False,False,145.89393184018934,0.28,0.8020967668952655,nan,36.48278877127204,0.2800221286268355,23.99867869749329,33.308617016979944,3.7515438515420927,0.9967326431194097,3.5005239108173076,0.9941570638641508,90345.20219404656,120
ba_polar_staged,140.0,0,False,False,145.89393184018934,0.28,0.8020967668952655,1.9719548767809285,1.8989705163794237,0.27954303160319227,1.9377163988583512,1.6144227091586334,1.5365828193283468,0.12101445523263574,0.49035114430245563,0.11373737190859104,19519.957185853295,118
ba_uv_joint,140.0,1,False,False,140.10215949674495,0.28,0.57839607296478,nan,140.20965937771146,0.28001215450788625,74.98176333007765,110.98155778618259,2.2483786179923007,0.8022149159870489,2.098255806557892,0.8122747770880794,147722.5588657658,120
ba_polar_plain_joint,140.0,1,False,False,140.10215949674495,0.28,0.57839607296478,nan,32.72672193250946,0.2800088339448316,23.99923720371612,26.40075468264606,2.0995976065892523,0.5455568587459798,1.6417801048345986,0.5449433041060457,29956.74568616007,120
ba_polar_cov_joint,140.0,1,False,False,140.10215949674495,0.28,0.57839607296478,nan,171.93926703318928,0.28000522761830704,185.06824529486505,39.230434226317385,1.9317371626597974,0.6017146196282392,1.4436724854284764,0.5991038890944613,200622.49121197005,120
ba_polar_staged,140.0,1,False,True,140.10215949674495,0.28,0.57839607296478,1.450815567177965,1.4579514274043979,0.27962561195308716,1.2700902357473025,0.5451885421331281,1.4639471517151854,0.10629773649175783,0.21246834743569917,0.102609372709358,17824.077346275648,117
ba_uv_joint,140.0,2,False,False,140.96660946813694,0.28,0.6056791268737504,nan,139.9778603795173,0.2799844798754161,49.802248388002,139.99770062847853,3.786713989843625,0.7891675032059331,3.3182280407787816,0.7859965332720128,213602.54458803375,120
ba_polar_plain_joint,140.0,2,False,False,140.96660946813694,0.28,0.6056791268737504,nan,140.95898772855466,0.68151411296792,27.54042437336458,139.9921981132951,3.0551937350224154,0.6509782995441119,2.788268426891258,0.61517855509639,58572.297303797335,120
ba_polar_cov_joint,140.0,2,False,False,140.96660946813694,0.28,0.6056791268737504,nan,140.9572881226399,0.5586278423803915,24.000396194995382,139.99043226564373,2.688395221826033,0.7206000699076618,2.254832327308736,0.7125903901631992,165446.04443202252,120
ba_polar_staged,140.0,2,False,False,140.96660946813694,0.28,0.6056791268737504,3.1841229347832325,3.1332095042305155,0.2798413715846619,3.0865756695572037,0.977604421446663,1.4564911212160938,0.13189186772366474,0.21598255832233818,0.11933661663184619,20816.878157844003,117
ba_uv_joint,140.0,3,False,False,145.43801824331302,0.28,0.5583654320508219,nan,145.42622388920768,0.2800655267922618,50.34127831522752,139.99245222437995,4.442145986413016,0.8514407753246329,4.061883993480941,0.8178339647434896,271333.3593113397,120
ba_polar_plain_joint,140.0,3,False,False,145.43801824331302,0.28,0.5583654320508219,nan,121.04595339914023,0.28000573232345366,28.87231313438511,120.28420173224569,3.421705729327769,0.690823855285524,3.21146713768677,0.6930033906755867,50487.80940329123,120
ba_polar_cov_joint,140.0,3,False,False,145.43801824331302,0.28,0.5583654320508219,nan,164.56627667401557,0.27999261052783014,193.12004260419806,164.90411088203146,3.6932338738491786,0.8639269659335209,3.518181178462241,0.86988135524057,269203.07506348065,120
ba_polar_staged,140.0,3,False,True,145.43801824331302,0.28,0.5583654320508219,2.325362809590502,2.3230284930331977,0.28002768928209243,2.32216294361958,0.5236439272243288,1.475602684896613,0.17218182893490713,0.3222776098179984,0.15295172414439734,18489.280620514874,110
ba_uv_joint,140.0,4,False,False,138.00439865927277,0.28,0.6098273574440353,nan,79.91826821569717,0.2802333522506521,29.27227574110022,76.18682068766833,4.47319525561972,0.934556007145606,3.994328778634608,0.9253451565723905,145325.57802478154,120
ba_polar_plain_joint,140.0,4,False,False,138.00439865927277,0.28,0.6098273574440353,nan,39.42404530014627,0.280011799106808,17.26837505421723,37.006075472241456,1.9561755868359085,0.5370374435805393,1.3997703570177935,0.5311183723457388,28669.94134191225,120
ba_polar_cov_joint,140.0,4,False,False,138.00439865927277,0.28,0.6098273574440353,nan,31.87301064931298,0.28000179196982256,26.13245529398446,25.47335438708991,2.578338873998995,0.6290526658373086,2.172261253587517,0.6277862743726064,80529.64430407599,120
ba_polar_staged,140.0,4,False,True,138.00439865927277,0.28,0.6098273574440353,1.3167829068159793,1.386403132693141,0.27835300153466536,1.1525218272730875,0.9014480779792574,1.4816928737586863,0.1616985325123934,0.33523436128120193,0.15860831274546816,18796.557860691653,119
ba_uv_joint,140.0,5,False,False,145.81797077482395,0.2800000000000001,0.5829518015155438,nan,145.8181692332994,0.27998861641707495,45.6565306556575,140.00132813973124,5.29658983906971,3.0751541031969065,5.04041758515977,3.091579591914602,230682.04229989316,120
ba_polar_plain_joint,140.0,5,False,False,145.81797077482395,0.2800000000000001,0.5829518015155438,nan,62.112459130647714,0.28001708628089955,24.652279884637586,62.98921751744455,1.7603098387914249,0.5714202772382705,1.0939258421842664,0.5633622947716848,42873.58655231271,120
ba_polar_cov_joint,140.0,5,False,False,145.81797077482395,0.2800000000000001,0.5829518015155438,nan,173.79354544291937,0.2800865084041181,165.50348172787793,41.087136987048225,2.2570196827701117,0.8503506243065333,2.316321730561179,0.8526748384466334,194882.00107716184,120
ba_polar_staged,140.0,5,False,True,145.81797077482395,0.2800000000000001,0.5829518015155438,1.7180923759720048,1.7191420542317717,0.27984949078141014,1.5798185222110441,0.41867344071150825,1.6206870459992455,0.11244277444934508,0.39410770786033744,0.10758245928846107,18929.632706535656,114
ba_uv_joint,170.0,0,False,False,174.39445323650318,0.28,0.5120804127533608,nan,163.45723969680608,1.1910858813243315,23.989211684458585,169.98577914140216,5.586647886648552,3.6746955587286436,5.0472003969199095,3.6122644399668147,232546.48492463247,120
ba_polar_plain_joint,170.0,0,False,False,174.39445323650318,0.28,0.5120804127533608,nan,109.97913386410487,0.9859404677877077,23.973766380671663,110.04371882700548,2.9365297414455194,0.6511569982508275,2.638081014666996,0.6547699762881265,53477.66210888817,120
ba_polar_cov_joint,170.0,0,False,False,174.39445323650318,0.28,0.5120804127533608,nan,120.79144679184172,4.3581425438744725,155.42682794978182,51.82556977757545,5.40845893464902,3.7767296428574024,5.116394248354737,3.6783237663365203,282221.33191035694,120
ba_polar_staged,170.0,0,False,True,174.39445323650318,0.28,0.5120804127533608,1.654723027113635,1.5328663959446693,0.2800354225524494,1.5400713310844405,0.9033619583482955,1.4609543882149394,0.13911323982520363,0.2618510323544363,0.13422250230911778,18788.744645520033,111
ba_uv_joint,170.0,1,False,False,170.2230160364238,0.27999999999999997,0.7417808885081462,nan,170.21936447848287,1.1140256319473,33.567790831293046,169.99635122540792,4.052397532095392,1.3081407541614207,3.8703683007704925,1.2585561464956967,185670.71003931452,120
ba_polar_plain_joint,170.0,1,False,False,170.2230160364238,0.27999999999999997,0.7417808885081462,nan,170.21279132127094,0.8768523041809908,24.000166625164734,169.98952343055822,4.2281603158799195,0.8353867324670855,3.973884561714653,0.8313488197073228,47686.98909576122,120
ba_polar_cov_joint,170.0,1,False,False,170.2230160364238,0.27999999999999997,0.7417808885081462,nan,173.1321709098065,3.6659285310273946,124.06093518316588,99.962409647963,3.6093147920547723,0.8126504095959797,3.1951958089416026,0.810428954630845,248206.2313125037,120
ba_polar_staged,170.0,1,False,True,170.2230160364238,0.27999999999999997,0.7417808885081462,2.343424153926593,2.3403901239935694,0.27990109152920456,2.143651938060613,0.9710183840768993,1.5983542820535803,0.16506995416458123,0.2873640341487685,0.15821946865217842,18901.696423949805,115
ba_uv_joint,170.0,2,False,False,171.46017735309087,0.28,0.6019761774060818,nan,171.46116955669342,0.28073067064639307,35.1013628299712,170.0053462920532,4.355126554420575,0.9123868155910269,4.201584444983862,0.9146715230072975,196482.11884073925,120
ba_polar_plain_joint,170.0,2,False,False,171.46017735309087,0.28,0.6019761774060818,nan,49.84356073324701,0.2800362225179157,30.546701591022767,42.80498084114902,2.5110499789788037,0.6537182003554534,2.1378019316271026,0.6257904636626793,40802.15437860382,120
ba_polar_cov_joint,170.0,2,False,False,171.46017735309087,0.28,0.6019761774060818,nan,151.5432097761861,0.27999665356617376,194.68372234921523,72.65181903872467,1.6996850634926084,0.8328849929885406,1.7415648531835461,0.8334597193126148,187516.37212819365,120
ba_polar_staged,170.0,2,False,True,171.46017735309087,0.28,0.6019761774060818,2.1892375805866555,2.1952439741947365,0.27988831801123104,1.4399902050054845,1.4843018829633077,1.4910883072051258,0.15390211903264076,0.36085969489109804,0.15284002528185367,19910.251888101127,117
ba_uv_joint,170.0,3,False,False,170.9154504159743,0.2800000000000001,0.5813653677648489,nan,170.91519255834325,1.2063389203393713,42.63515347030855,172.6656703762093,4.497275290681518,0.8910514036615471,4.225962184898457,0.8896810720703195,201371.31602475842,120
ba_polar_plain_joint,170.0,3,False,False,170.9154504159743,0.2800000000000001,0.5813653677648489,nan,169.96360856137795,0.2799996769523233,24.012326554667915,170.0006378507502,3.1656660742259306,0.7663612555491076,3.22393752397097,0.7806498941344053,49305.40037266623,120
ba_polar_cov_joint,170.0,3,False,False,170.9154504159743,0.2800000000000001,0.5813653677648489,nan,169.96117241340121,0.2800019001033764,24.028891374572744,169.99827732919363,4.746463079802242,1.0072189281413553,4.380957413149819,1.0564253200101346,186834.43159606223,120
ba_polar_staged,170.0,3,False,True,170.9154504159743,0.2800000000000001,0.5813653677648489,1.307270090929223,1.303531429679327,0.2799138447368168,1.2318815733356339,0.4453490308445586,1.4730000974673108,0.12661580317362986,0.2821984296771981,0.12344132568062224,17940.134258862436,119
ba_uv_joint,170.0,4,False,False,170.5502792418554,0.28,0.9225876220018223,nan,170.11482681372857,0.28007597773954196,28.37037288364869,169.9936761961355,5.043152053535399,2.8333124799458957,4.995580184938226,2.9099041475848044,188652.30907460357,120
ba_polar_plain_joint,170.0,4,False,False,170.5502792418554,0.28,0.9225876220018223,nan,61.318670703606415,0.2800042607235389,24.000004083279656,58.975054951484616,2.0967297140523047,0.6653319234360975,1.6874053742019577,0.6458873202370625,26900.477231738187,120
ba_polar_cov_joint,170.0,4,False,False,170.5502792418554,0.28,0.9225876220018223,nan,145.8140555026333,0.28004206787798863,63.44724200831576,130.8826329613244,2.912295772093473,0.5955575937256996,2.837209163559865,0.5910646424543383,193808.15431911114,120
ba_polar_staged,170.0,4,False,False,170.5502792418554,0.28,0.9225876220018223,4.937919699397498,4.9258683860074965,0.2800258157787742,4.816852515708078,1.0611273482897583,1.4548221751720203,0.13828979034064012,0.24265051148969422,0.13371885914227855,20816.540397266694,124
ba_uv_joint,170.0,5,False,False,170.62152872712886,0.2800000000000001,0.6553676602768966,nan,170.6247134524782,0.28018012971297673,24.000693170398325,170.00358066750763,6.248781109111599,4.095679710528433,5.790726158126418,4.059928652837012,222470.8474049376,120
ba_polar_plain_joint,170.0,5,False,False,170.62152872712886,0.2800000000000001,0.6553676602768966,nan,88.76834941540129,0.28001498348354936,24.011873272722184,91.15574726486422,3.100977591624704,0.6660099378688037,2.8419903121428844,0.6649070937391961,45099.40787326911,120
ba_polar_cov_joint,170.0,5,False,False,170.62152872712886,0.2800000000000001,0.6553676602768966,nan,49.40007157205924,0.28000251483338245,24.022335663307263,48.68135239735982,2.094200593640255,0.5242168946162489,1.600200858188202,0.5252151174561531,92254.96500147886,120
ba_polar_staged,170.0,5,False,False,170.62152872712886,0.2800000000000001,0.6553676602768966,1.9415893599757195,1.923220955766062,0.27959531102903407,1.7209777132980841,1.0659735792628304,1.5098511395640721,0.15793751072178935,0.4501624416382128,0.15114730852129038,18785.54942000926,119
