method,yaw_init_error_deg,trial,success,converged,initial_rotation_error_deg,initial_depth_rel_rmse,stage_rotation_error_deg,rotation_error_deg,tilt_error_deg,yaw_error_deg,depth_rel_rmse,depth_rel_median,inlier_depth_rel_rmse,inlier_depth_rel_median,cost,nfev
ba_uv_joint,0.0,0,False,False,23.960695611622874,0.9279638246871772,nan,21.804729652197217,21.808865474232892,0.24457136468515378,0.9023732602310908,0.23048316085103498,0.3019947510335679,0.22317493485747064,34889.102737833,90
ba_polar_plain_joint,0.0,0,False,False,23.960695611622874,0.9279638246871772,nan,23.959222816372783,23.998737327135167,0.002141715277199393,3.0900766904947496,0.6662966355329438,3.174801513265525,0.6611164814370362,15044.505150283658,90
ba_polar_cov_joint,0.0,0,False,False,23.960695611622874,0.9279638246871772,nan,13.839540366259234,2.8400988523142585,12.885123923284283,2.2147983901295962,0.255856141647696,2.1885714806953778,0.20886474858833526,16344.000749008297,90
ba_polar_staged,0.0,0,False,True,23.960695611622874,0.9279638246871772,0.8667810023015451,0.866183863973037,0.7592926131199479,0.4349501678208969,0.6366021197491101,0.10526298881627055,0.15746544263300016,0.0924957622192068,5163.409518850625,85
ba_uv_joint,0.0,1,False,False,23.96051979625895,0.9487109632867949,nan,18.758600067985093,12.056481253357061,16.167235231119054,5.120433541950257,4.044291612044278,5.2080319128163985,4.044291612044278,19022.18986512012,90
ba_polar_plain_joint,0.0,1,False,False,23.96051979625895,0.9487109632867949,nan,23.95099612771969,23.99244895657776,0.006855623890761768,6.3478073710439284,4.956952221021764,6.48585797085943,5.068904971274197,18996.34900968033,90
ba_polar_cov_joint,0.0,1,False,False,23.96051979625895,0.9487109632867949,nan,23.956972978423426,23.9988134498294,0.008094931020033207,6.542037925008577,5.451400045304715,6.703003716244892,5.7575809574152785,42143.99163039355,90
ba_polar_staged,0.0,1,False,True,23.96051979625895,0.9487109632867949,0.2867274756988694,0.2861797340508642,0.17941788682722493,0.20958116441566685,0.6583336573772084,0.06919475349601908,0.23416876486071928,0.06614004879784538,5280.667785098401,83
ba_uv_joint,0.0,2,False,False,23.96569384707793,0.7912880462326403,nan,23.955069250560037,23.99045676754453,0.003745553621799376,1.7188272003149687,0.21933523870116742,1.5353859322190306,0.21287193620910388,39464.394785727054,90
ba_polar_plain_joint,0.0,2,False,False,23.96569384707793,0.7912880462326403,nan,23.92612293067841,23.961805331814197,0.004989994431330512,6.135639180891862,4.453574822407628,6.2843614546232835,4.608388789426652,22956.928316363985,90
ba_polar_cov_joint,0.0,2,False,False,23.96569384707793,0.7912880462326403,nan,23.950565957871454,23.98643866530281,0.005416867279836928,4.594252813345566,3.6665561802686018,4.6851303973815295,3.763406095820911,44355.15139511529,90
ba_polar_staged,0.0,2,False,True,23.96569384707793,0.7912880462326403,0.08663156738606291,0.086911420284949,0.027461323050193012,0.08925787648198787,0.6482888557298304,0.06425931348705452,0.2029038050663415,0.058377551924839295,5485.008069867678,89
ba_uv_joint,0.0,3,False,False,23.9720147397581,0.8112394937437809,nan,23.96651334411749,23.995104172794374,0.0033374116633541557,6.954070437323416,5.506103887131892,7.102376001943085,5.823070846394689,33000.79536204447,90
ba_polar_plain_joint,0.0,3,False,False,23.9720147397581,0.8112394937437809,nan,23.962893346286783,23.991628878332175,0.004183695603988377,6.4779822618853045,4.804170315550294,6.619187930995076,5.131557639394434,20968.886619632787,90
ba_polar_cov_joint,0.0,3,False,False,23.9720147397581,0.8112394937437809,nan,18.204310892143596,17.152189499580317,8.070670284973218,6.335915539200452,4.813670675651776,6.489878647728492,4.865638093042685,23284.077220017414,90
ba_polar_staged,0.0,3,False,True,23.9720147397581,0.8112394937437809,0.22849454128298077,0.12401475881376373,0.07556018339507779,0.11122366029583039,0.6343539561320094,0.05462141006136291,0.15758114125184686,0.04950780279766423,5130.440009523121,86
ba_uv_joint,0.0,4,False,False,23.956857662217004,0.911193755973896,nan,23.953674591408966,23.996938903578084,0.0005387194020263512,4.7585629169817665,4.222799483712883,4.817402799133266,4.222799483712883,36865.89647651336,90
ba_polar_plain_joint,0.0,4,False,False,23.956857662217004,0.911193755973896,nan,23.945179302791335,23.99034722313189,0.008074893086438968,6.475426416128451,4.865638576217236,6.633699305171057,5.076556962012264,23338.403962200435,90
ba_polar_cov_joint,0.0,4,False,False,23.956857662217004,0.911193755973896,nan,23.95831667592683,24.002863825227895,0.005358684831331154,5.732967731982468,4.759484501571091,5.865885376990839,4.804133953308073,41051.47478679421,90
ba_polar_staged,0.0,4,False,True,23.956857662217004,0.911193755973896,0.5805945164023032,0.5806297002132901,0.27035164087396646,0.5752255294352546,0.6572354416023212,0.071607534206206,0.23129854810345093,0.07098534179138322,5619.433963565042,86
ba_uv_joint,0.0,5,False,False,23.96301525975088,0.7578760934432881,nan,16.59737632737055,16.28338730494111,5.133491909643838,0.8907347604845874,0.6784350716905596,0.6661701249115864,0.6720978900973431,13658.312635571236,90
ba_polar_plain_joint,0.0,5,False,False,23.96301525975088,0.7578760934432881,nan,23.962033865962436,23.99915282421551,0.0012589359566345256,1.9189901533414322,0.6650785657913594,1.8250774039202031,0.6555857188827057,14707.795396205656,90
ba_polar_cov_joint,0.0,5,False,False,23.96301525975088,0.7578760934432881,nan,35.41799095928245,23.99939966573382,29.04390274302131,2.709044852472381,0.7353128310176733,2.6969701081375708,0.7274247185929308,23771.790281031423,90
ba_polar_staged,0.0,5,False,True,23.96301525975088,0.7578760934432881,1.5345703030161109,1.534432055972725,0.8564140815509907,1.4742388430159032,0.6487540132554882,0.10992834227774823,0.2048851444307931,0.10833326194165319,5302.245861116829,89
ba_uv_joint,30.0,0,False,False,37.387336427292745,0.6303086144865688,nan,37.385951159621854,23.99945820334257,29.99857827043391,2.3228357194100937,0.7605600234138401,2.304876471531156,0.7598935888608825,18123.858636488058,90
ba_polar_plain_joint,30.0,0,False,False,37.387336427292745,0.6303086144865688,nan,37.38654936179178,23.999482525218824,29.999352612190144,2.307430253655472,0.7723743410522625,2.3196211188090206,0.7723743410522625,8991.081278823352,90
ba_polar_cov_joint,30.0,0,False,False,37.387336427292745,0.6303086144865688,nan,9.028483205684077,8.990490983071128,0.19089151221926673,0.9057947787245068,0.4255183924252057,0.4325892916909972,0.42079895397939165,16602.226735153792,90
ba_polar_staged,30.0,0,False,True,37.387336427292745,0.6303086144865688,0.8577426649374805,0.857349137938244,0.8105139202441203,0.3174955607149639,0.6882274076768329,0.1163497627921456,0.3118177865822803,0.11020210243882725,5580.622358339921,93
ba_uv_joint,30.0,1,False,False,35.16354607987758,0.6512357320403089,nan,29.145727606331924,14.785025325827181,27.819423735994828,3.8802461150616803,0.5917304368519136,3.8947212438457344,0.5742229445651292,17942.851205271854,90
ba_polar_plain_joint,30.0,1,False,False,35.16354607987758,0.6512357320403089,nan,35.16282842391913,23.99832548225723,30.000182174639434,3.4149068698733154,0.7254872768972533,3.423381316263884,0.7153598945857294,16290.819102062542,90
ba_polar_cov_joint,30.0,1,False,False,35.16354607987758,0.6512357320403089,nan,37.26085136646241,23.998011645945112,32.79499489638775,3.7979472233693845,0.7332209745161404,3.8078990950170715,0.721114220613286,28221.173924148163,90
ba_polar_staged,30.0,1,False,True,35.16354607987758,0.6512357320403089,0.5628723947727093,0.5629420758973268,0.19668784878247947,0.5761850179478761,0.6456499635771712,0.06782771178184016,0.19341360608852276,0.06125484555380736,5359.799706466763,92
ba_uv_joint,30.0,2,False,False,37.62400252208829,0.694846931219929,nan,37.62249927502348,23.999852870588175,29.99817770770408,2.3056650801774365,0.772942856895571,2.2863489258544694,0.7717485421229102,19581.906083263635,90
ba_polar_plain_joint,30.0,2,False,False,37.62400252208829,0.694846931219929,nan,37.623065784319145,23.999948162471192,29.998837997787724,2.93998598500712,0.7849501516283771,2.871500183838922,0.7818138195383566,10357.253683905239,90
ba_polar_cov_joint,30.0,2,False,False,37.62400252208829,0.694846931219929,nan,37.62268398241849,23.999682439658798,29.998532497492242,2.8440065752018864,0.782335011330163,2.8579989083878554,0.7769263150478118,20641.010080866577,90
ba_polar_staged,30.0,2,False,True,37.62400252208829,0.694846931219929,0.5456131198696329,0.5449560770558914,0.42107624336058613,0.3082793969150964,0.6557319196548943,0.08228026366191338,0.22621124640290724,0.07463893982803074,5506.762314683898,90
ba_uv_joint,30.0,3,False,False,37.45260679860162,0.8312214892937112,nan,37.45171938320922,23.998184096436137,30.000179262889407,2.66808636222,0.801461053440486,2.6725757758632387,0.7945399177944794,22979.68225519609,90
ba_polar_plain_joint,30.0,3,False,False,37.45260679860162,0.8312214892937112,nan,37.452137896830656,23.999105967245626,30.000057532870418,2.455937966584737,0.7764646523661709,2.477675073569507,0.7690268558885309,12669.364413017316,90
ba_polar_cov_joint,30.0,3,False,False,37.45260679860162,0.8312214892937112,nan,37.451665390086376,23.998554189571944,29.999838679287087,1.8896528040013247,0.756011927111076,1.915815536240104,0.755518709765564,21561.8967601156,90
ba_polar_staged,30.0,3,False,True,37.45260679860162,0.8312214892937112,1.1304342086056778,1.1301305940084292,1.0557053653339983,0.35895135164353414,0.717842410118568,0.19225819437996639,0.3770024513124454,0.18032574539101676,5067.823105311793,93
ba_uv_joint,30.0,4,False,False,39.73951664544614,0.9997500393835919,nan,39.72888641501216,23.992445680040795,29.993324560026153,1.8063360616110111,0.8191061211772145,1.7034567575342483,0.8178796042089307,47265.042692767245,90
ba_polar_plain_joint,30.0,4,False,False,39.73951664544614,0.9997500393835919,nan,39.73159041400579,23.985888213103475,29.9975571982866,2.042920169672867,0.7151580289867987,2.0381560207128238,0.7010064487228971,13627.95390017049,90
ba_polar_cov_joint,30.0,4,False,False,39.73951664544614,0.9997500393835919,nan,23.36574397555983,8.440148445083857,20.938259600709966,3.8977451443577724,0.6382372932619991,3.9597759421229766,0.6132282917619646,27144.583669439187,90
ba_polar_staged,30.0,4,False,True,39.73951664544614,0.9997500393835919,0.9858428235230483,0.9859109565016827,0.741241639205085,0.7557186239252577,0.6868172201316106,0.10606276247951718,0.3086284798398013,0.1025465643127398,5330.054457809559,96
ba_uv_joint,30.0,5,False,False,37.792453531833495,1.01203337174137,nan,37.7909947501151,23.998564134111405,29.999143276348338,2.1111764711527834,0.7805345640915688,2.0799834072292427,0.7805345640915688,19868.945132396086,90
ba_polar_plain_joint,30.0,5,False,False,37.792453531833495,1.01203337174137,nan,37.79192148608629,23.99907315089241,29.999983828376923,3.1076942952218514,0.7927820163327066,3.149117372665123,0.7924510241971707,14812.735932018444,90
ba_polar_cov_joint,30.0,5,False,False,37.792453531833495,1.01203337174137,nan,37.792178959078676,23.99966485881316,29.999908812343286,2.0187199593313876,0.7780921633887532,1.9234076423953053,0.7720413458941322,22329.799430157917,90
ba_polar_staged,30.0,5,False,True,37.792453531833495,1.01203337174137,0.3628774970078086,0.36214306493316983,0.0791289858742984,0.33802981231170975,0.6961626162468317,0.074673239611246,0.33044884248488887,0.06802790585714796,5751.733581550659,91
ba_uv_joint,60.0,0,False,False,59.251902024798945,0.8741264608009544,nan,59.234120271767786,23.99283955549094,59.98127844360957,6.326961848649976,4.804168534233579,6.434594689411701,4.804168534233579,47333.739932159384,90
ba_polar_plain_joint,60.0,0,False,False,59.251902024798945,0.8741264608009544,nan,59.24864756277874,23.9975979792504,59.99677740728714,5.534037909144853,3.9348122262646203,5.638652813567337,3.9348122262646203,19079.90553178516,90
ba_polar_cov_joint,60.0,0,False,False,59.251902024798945,0.8741264608009544,nan,36.176423357785616,23.9968944013219,32.944990626147494,4.606041085182297,0.6917649678930442,4.6594063250486,0.6601340310746353,33568.048749539885,90
ba_polar_staged,60.0,0,False,True,59.251902024798945,0.8741264608009544,0.3023362498706635,0.30221000480644683,0.23693940575546393,0.2116911457238559,0.6847201950210957,0.07682620930198343,0.30397067935855865,0.06898860552385638,5476.775923573899,94
ba_uv_joint,60.0,1,False,False,57.774994600664364,0.6578155610355496,nan,57.72317646892597,23.996434629752912,59.94416928427138,7.074550536853748,5.670005247047161,7.211182367984761,5.990352252348425,63205.53101753687,90
ba_polar_plain_joint,60.0,1,False,False,57.774994600664364,0.6578155610355496,nan,57.74921654875728,23.989488370324214,59.97049952015562,6.780963717665655,5.506155913016414,6.949411289357756,5.7686269615329335,24162.92467250581,90
ba_polar_cov_joint,60.0,1,False,False,57.774994600664364,0.6578155610355496,nan,20.32346467513913,14.691717158425796,18.49662999902095,4.178555627228991,0.8114343785293278,4.215238230583462,0.6890370074589636,22636.705835609995,90
ba_polar_staged,60.0,1,False,True,57.774994600664364,0.6578155610355496,0.7445162818452262,0.7431687179064418,0.41421606229141167,0.6621089626489747,0.6461917103860559,0.07941589815042102,0.194921566773387,0.07754696352961948,5652.755412269589,94
ba_uv_joint,60.0,2,False,False,67.4559927438786,0.8655044659540354,nan,67.44320401210517,23.985020692933713,59.994011237557146,4.274059256196606,0.8614243830413892,4.356244823027115,0.8550486291085734,81761.03086709885,90
ba_polar_plain_joint,60.0,2,False,False,67.4559927438786,0.8655044659540354,nan,67.4456877881134,23.99872212081292,59.989487588428524,3.9866439814319183,0.7136348561283593,4.087970953507459,0.6684955578512068,20132.143484582484,90
ba_polar_cov_joint,60.0,2,False,False,67.4559927438786,0.8655044659540354,nan,9.369022041610407,4.824949831052732,7.667960610034373,1.138831185240316,0.46342964056079916,0.9964045905739589,0.45948560229323043,13500.366868002817,90
ba_polar_staged,60.0,2,False,True,67.4559927438786,0.8655044659540354,1.1804988777129053,1.179196377454082,0.5962933441626994,1.0943583799978598,0.6710095681698822,0.11729756268767572,0.27007421897414813,0.11631101667586116,5323.099183735791,93
ba_uv_joint,60.0,3,False,False,57.19552546418368,0.9013832024950741,nan,20.889358953066107,21.24724791282638,7.234241600747347,1.1111315875829917,0.6310932498209278,0.9528207085072703,0.6302028572672387,31318.6526930235,90
ba_polar_plain_joint,60.0,3,False,False,57.19552546418368,0.9013832024950741,nan,8.511332428950972,8.182570759764873,4.5638935906442795,2.1612539405729674,0.3915667697361579,2.120059155128624,0.3855476237577269,6338.473164431716,90
ba_polar_cov_joint,60.0,3,False,False,57.19552546418368,0.9013832024950741,nan,18.95170192248494,19.486449742872857,4.423583327802299,1.7170471400746259,0.5133967720060886,1.5352743266806368,0.4771444880582571,33535.21993017344,90
ba_polar_staged,60.0,3,False,True,57.19552546418368,0.9013832024950741,1.3886482676277763,1.3876884004949452,0.9788600554846034,1.0050136675426613,0.6978658158989924,0.15774711582798195,0.3336528905866931,0.15188982378001328,5523.339876521255,94
ba_uv_joint,60.0,4,False,False,62.83187921030132,1.2389871622139534,nan,38.078546353573074,32.113841575908864,17.6814485010781,0.9325971575580445,0.8279822744765246,0.9364965338557303,0.8279822744765246,51427.63071912474,90
ba_polar_plain_joint,60.0,4,False,False,62.83187921030132,1.2389871622139534,nan,62.804156707470646,23.99588239422238,59.97428001128956,7.394827328571023,6.121477406724679,7.584058107238551,6.503865999315158,25802.57382997088,90
ba_polar_cov_joint,60.0,4,False,False,62.83187921030132,1.2389871622139534,nan,14.893828599826605,7.389161598714138,11.37010962389061,3.71511457078798,0.464308867636619,3.7695855508097416,0.39081374260983714,23098.539025707167,90
ba_polar_staged,60.0,4,False,True,62.83187921030132,1.2389871622139534,1.3748581319251223,1.374376285217317,1.0410474688287203,1.0768850593325237,0.6848627693619739,0.09465904627428438,0.3038333164183112,0.09145287611050873,5448.497864321778,94
ba_uv_joint,60.0,5,False,False,70.335039075319,0.8236692961651984,nan,25.852854904932553,14.128564022398113,23.955233003638547,3.392050284800915,0.7450652873274326,3.3880757664131003,0.7213164499800515,18589.20442704284,90
ba_polar_plain_joint,60.0,5,False,False,70.335039075319,0.8236692961651984,nan,11.043009385546352,8.822281553486718,4.964645338854399,2.7990576351218177,0.5031482857508617,2.773457510897793,0.498479878395324,5181.42039739968,90
ba_polar_cov_joint,60.0,5,False,False,70.335039075319,0.8236692961651984,nan,9.023041993682602,4.030681237761528,8.53751260779832,2.704978029443137,1.1323161187542923,2.710194133089011,1.309957773234237,9653.104574835805,90
ba_polar_staged,60.0,5,False,True,70.335039075319,0.8236692961651984,0.7590829943137697,0.7579450812917986,0.3012995378129827,0.7222189211653867,0.6405225975944941,0.07711376130432208,0.17408389200109098,0.06996819528786566,5369.0560009916035,101
ba_uv_joint,100.0,0,False,False,96.02057735423007,0.8560428521258053,nan,53.57865331828204,14.46653726023354,54.18059583611558,4.979712173969987,1.8958419514577183,5.048238939776639,1.8958419514577183,36650.49301881192,90
ba_polar_plain_joint,100.0,0,False,False,96.02057735423007,0.8560428521258053,nan,19.23614059379898,14.927548543202006,9.266857159338072,4.077999692937236,0.6289838369370501,4.17664330699211,0.6056267689773628,8950.500742316459,90
ba_polar_cov_joint,100.0,0,False,False,96.02057735423007,0.8560428521258053,nan,32.30841885705218,18.67066626019944,32.047127589500086,4.663936581383569,2.1250961255992777,4.718903596363692,2.1250961255992777,29406.485577683605,90
ba_polar_staged,100.0,0,False,True,96.02057735423007,0.8560428521258053,0.8353469326837578,0.8296984075380712,0.8290938995615346,0.11268111975931726,0.6871638328783987,0.12794092673231813,0.3143246882293341,0.10843522346413595,5029.761095763282,91
ba_uv_joint,100.0,1,False,False,108.83630000838532,0.8377962929947128,nan,49.91286428729061,9.553825044021004,51.32819428157091,5.056104932036713,1.2482861758197916,5.137002243019773,1.2482861758197916,32934.22507660629,90
ba_polar_plain_joint,100.0,1,False,False,108.83630000838532,0.8377962929947128,nan,108.78327068279253,23.983767313795852,99.95351730367835,6.309958661934762,4.7446568083774165,6.485276096213649,5.160865966778592,30192.339332354044,90
ba_polar_cov_joint,100.0,1,False,False,108.83630000838532,0.8377962929947128,nan,7.863229336153788,8.07048955679412,2.815084227547783,2.8573972886046612,0.8156621221280347,2.8710730595341416,0.7839780128029818,13693.907189668309,90
ba_polar_staged,100.0,1,False,True,108.83630000838532,0.8377962929947128,0.8486068228365142,0.8487827478762303,0.46145408038071783,0.8072724005412225,0.6598743931944333,0.09542815336473844,0.23852285061897557,0.08710633385277747,5542.859368022067,91
ba_uv_joint,100.0,2,False,False,99.19440238600325,0.7231266497671069,nan,99.17729747647167,23.99130922678955,99.98439119930472,7.4099754450029485,6.12357327130189,7.5651021832449885,6.660012027448966,106111.61807869926,90
ba_polar_plain_joint,100.0,2,False,False,99.19440238600325,0.7231266497671069,nan,5.573301247118792,4.609872817729048,2.7418720856155083,0.8569075230565569,0.4061511669013451,0.6398049634374636,0.3934732209046864,4301.48187109829,90
ba_polar_cov_joint,100.0,2,False,False,99.19440238600325,0.7231266497671069,nan,36.596783850795475,19.58942584348422,37.14168947076665,6.254024113652966,4.87368421360469,6.376636490783243,4.87368421360469,34354.66052508635,90
ba_polar_staged,100.0,2,False,True,99.19440238600325,0.7231266497671069,0.24614511232358766,0.24624887466779335,0.22197372657015416,0.1192371447686812,0.6296825267660507,0.05657265736294487,0.12530049984189506,0.052854820031406416,5067.485630606748,91
ba_uv_joint,100.0,3,False,False,101.25071696279794,0.8741236119334929,nan,54.38754335868488,17.371963232846767,56.07111162190455,4.876981650372155,1.624859485786782,4.952069878804372,1.624859485786782,32898.98349471401,90
ba_polar_plain_joint,100.0,3,False,False,101.25071696279794,0.8741236119334929,nan,36.22007878530677,16.59627580868653,29.29785318797065,3.3895789791219917,0.6501038945060915,3.4662145533859094,0.6468629623558421,11825.011217636964,90
ba_polar_cov_joint,100.0,3,False,False,101.25071696279794,0.8741236119334929,nan,62.20200784867095,30.487738156153974,61.61932147952406,4.922156233680123,2.3274670576141223,4.998078302544163,2.3274670576141223,39847.602124337034,90
ba_polar_staged,100.0,3,False,True,101.25071696279794,0.8741236119334929,0.2830130128147006,0.28222690144755586,0.19832908095275603,0.21670738577572363,0.6293257558078009,0.049828692495533476,0.12340290059211158,0.04786067372013722,5091.279328406366,91
ba_uv_joint,100.0,4,False,False,107.73815180552431,0.930874780545687,nan,53.61162619964622,8.952473592183663,55.17676763241162,6.242537197143387,4.342423091608325,6.351717291165635,4.342423091608325,48270.9153463299,90
ba_polar_plain_joint,100.0,4,False,False,107.73815180552431,0.930874780545687,nan,19.545119051972577,17.125150232416765,13.782536831902782,2.4852524350635736,0.6553946081413398,2.53259861503129,0.6329966392827076,12810.711662588114,90
ba_polar_cov_joint,100.0,4,False,False,107.73815180552431,0.930874780545687,nan,13.34063161003339,13.042012852181458,7.561810266788499,4.086790039144635,3.203162776973083,4.159630960507869,3.3576624544315505,21581.76835779843,90
ba_polar_staged,100.0,4,False,True,107.73815180552431,0.930874780545687,1.0665797498221736,1.0665019580150268,0.9937748164279782,0.5065650056404202,0.6920651394727163,0.14906529895705584,0.3219176131644567,0.14821834943536324,5253.903479918626,88
ba_uv_joint,100.0,5,False,False,95.28625472237354,0.8537373684581371,nan,95.27944110099548,23.99831283025542,99.99273985140798,7.026859817060932,5.339158368916564,7.167261636834791,5.573427084014646,95013.97312846029,90
ba_polar_plain_joint,100.0,5,False,False,95.28625472237354,0.8537373684581371,nan,156.67531667773318,24.11798756323351,163.1138358213206,6.542058586514493,4.956952220997506,6.702385112805077,5.342261216624706,32156.899085254987,90
ba_polar_cov_joint,100.0,5,False,False,95.28625472237354,0.8537373684581371,nan,33.324949162497795,23.998614538388814,31.179266719818457,6.649741315112906,5.342223794303652,6.813658778673604,5.591409240178504,38119.42536147414,90
ba_polar_staged,100.0,5,False,True,95.28625472237354,0.8537373684581371,0.4282243052332064,0.3213663484771743,0.1451443939761256,0.2928740578782304,0.6249462693523234,0.058563675732986084,0.1096593026139967,0.053915463652275744,5062.030877778529,93
ba_uv_joint,140.0,0,False,False,147.7551097147085,0.8452234860823095,nan,95.4844026395388,12.874474860580976,97.07709883454507,4.7301420269126435,1.0487082911579177,4.802324493313582,1.0487082911579177,63275.08914409823,90
ba_polar_plain_joint,140.0,0,False,False,147.7551097147085,0.8452234860823095,nan,24.468115834482898,11.929336150704284,24.091040797865173,3.137465277428222,0.6156774410290545,3.142004371202544,0.5998643206670758,7272.230064525809,90
ba_polar_cov_joint,140.0,0,False,False,147.7551097147085,0.8452234860823095,nan,11.725922026708583,6.156047256540632,11.218367700729841,3.332580733894262,1.3598493706509007,3.3709745044001562,1.4199825063710234,10067.531946356637,90
ba_polar_staged,140.0,0,False,True,147.7551097147085,0.8452234860823095,0.2568163021179017,0.255581389002591,0.22385171768460557,0.099751869879735,0.6408866697080552,0.061936187359806834,0.1760601064326615,0.05670448556753118,5203.164835558835,93
ba_uv_joint,140.0,1,False,False,147.3263662311135,0.7472997332491056,nan,147.29145506321757,23.902955090498093,139.99868781351483,6.543290105684608,5.146279194334268,6.639728364863603,5.3848703783971565,125490.28175644981,90
ba_polar_plain_joint,140.0,1,False,False,147.3263662311135,0.7472997332491056,nan,24.870728872823854,14.903659381954713,23.617197590872717,3.5923133756347783,0.6113142075793546,3.6567924905326197,0.5904381066391928,8070.687052658632,90
ba_polar_cov_joint,140.0,1,False,False,147.3263662311135,0.7472997332491056,nan,17.01252666226179,10.790439145190604,11.289259263158497,0.9832512585327476,0.5318380461113926,0.7862578196003797,0.5146188858610978,24284.116284872794,90
ba_polar_staged,140.0,1,False,True,147.3263662311135,0.7472997332491056,0.8655876024312507,0.6235322202656036,0.6241457534563203,0.06668285423232599,0.6311808100968529,0.09931277550484525,0.14152663451120992,0.09307919030636318,5271.065806385192,89
ba_uv_joint,140.0,2,False,False,137.0735822197823,1.4864390695035472,nan,47.038848268190804,44.72743666713846,19.077648721876866,4.94802075943953,4.0159149433288075,5.006691746987067,4.0159149433288075,71995.7460076348,90
ba_polar_plain_joint,140.0,2,False,False,137.0735822197823,1.4864390695035472,nan,12.535668725375707,8.679756643948053,8.659298258695255,0.7935696147680552,0.5558118277895017,0.565972097524494,0.5405570819591485,2607.8541474977924,90
ba_polar_cov_joint,140.0,2,False,False,137.0735822197823,1.4864390695035472,nan,45.36477165827837,42.03445264651716,27.993548217934574,3.753082409641299,0.9126201835315899,3.8571569212698917,1.059357543681749,59714.287419505046,90
ba_polar_staged,140.0,2,False,True,137.0735822197823,1.4864390695035472,1.1687931020418836,1.1670243309196462,0.5356473098650073,1.0788039992672893,0.6690281494701072,0.14084704065933212,0.26491104341595834,0.12813327228155294,5607.537269612276,95
ba_uv_joint,140.0,3,False,False,141.17791978959877,0.8757179501538137,nan,93.77193227543384,10.424781490970672,95.77994548838039,6.758666733762906,4.954847149484405,6.889338766715085,5.341928902201529,73895.10401337643,90
ba_polar_plain_joint,140.0,3,False,False,141.17791978959877,0.8757179501538137,nan,19.256937189121782,4.814394713336552,18.99107832732248,1.5099759015391927,0.4603796174878388,1.4183189651232133,0.44319440209998456,3033.8893966891014,90
ba_polar_cov_joint,140.0,3,False,False,141.17791978959877,0.8757179501538137,nan,65.48922833130158,4.5963359803669706,65.5052066736296,2.5764721647060367,0.5214556922832592,2.5735314802012232,0.48709563435380276,48020.648222664175,90
ba_polar_staged,140.0,3,False,True,141.17791978959877,0.8757179501538137,0.5778173719919536,0.5767443597034723,0.23058797783708312,0.5796390232705534,0.6488467228718863,0.07171784986217117,0.20447334537034614,0.06377969898425223,5307.215207817188,96
ba_uv_joint,140.0,4,False,False,139.3556981148176,0.6452187562357816,nan,139.34192549274164,23.994108871751855,139.98794401123524,7.239491721929552,6.05069304953444,7.363967253467766,6.276975256333801,136369.96209529092,90
ba_polar_plain_joint,140.0,4,False,False,139.3556981148176,0.6452187562357816,nan,37.32828722725961,5.839218799016259,37.85838204497785,1.675700712279106,0.44893105826985913,1.6726414749126965,0.42643384005911844,3823.495873644629,90
ba_polar_cov_joint,140.0,4,False,False,139.3556981148176,0.6452187562357816,nan,29.9557190241137,10.786025602405696,28.645927717713278,2.5986873455347452,0.7218996472848371,2.598042915138775,0.6817542096101602,16278.848933253692,90
ba_polar_staged,140.0,4,False,True,139.3556981148176,0.6452187562357816,0.4067459056485355,0.3413371666223668,0.22526753158959478,0.29069586625739435,0.628706218023312,0.04684132926100078,0.13421612162052296,0.043433843452287874,4929.555148139694,95
ba_uv_joint,140.0,5,False,False,138.26694995650237,1.0156651269843857,nan,138.25695308062143,23.994759526880497,139.98904426904073,6.0253886816531494,4.6434725317620344,6.116174058051258,4.6434725317620344,93721.20356893486,90
ba_polar_plain_joint,140.0,5,False,False,138.26694995650237,1.0156651269843857,nan,142.19675588791924,24.01911400393758,144.0296470804813,4.0781481341245795,0.8243781027070829,4.086913629431055,0.813225460908126,20650.991307755197,90
ba_polar_cov_joint,140.0,5,False,False,138.26694995650237,1.0156651269843857,nan,61.551789420320254,23.91891622511687,59.89257800613294,4.759778593295412,0.8780297562049717,4.810982708011269,0.8583428665133204,40970.43473047037,90
ba_polar_staged,140.0,5,False,True,138.26694995650237,1.0156651269843857,0.4380781058900574,0.4002939318817624,0.3900330041867651,0.07416419701180489,0.6341137932803215,0.06744967911587932,0.15501649018505964,0.06500589889053962,5180.0810816174835,94
ba_uv_joint,170.0,0,False,False,167.52637914944182,0.927219756189423,nan,167.52265311469438,24.0014138626838,169.9961259231727,6.530109601800684,4.660556071516643,6.651128534733392,4.752788367411534,95252.24500441493,90
ba_polar_plain_joint,170.0,0,False,False,167.52637914944182,0.927219756189423,nan,23.935406733774805,24.074819128504217,1.1550130810713146,3.0336813784694354,0.711110674464192,3.106726655152734,0.6941633809317299,14636.547832901413,90
ba_polar_cov_joint,170.0,0,False,False,167.52637914944182,0.927219756189423,nan,27.398034313294357,23.999265454301465,16.40664346272434,1.1050689226652286,0.5630970636731716,0.9951205861625804,0.5571596184986911,30986.790290318102,90
ba_polar_staged,170.0,0,False,True,167.52637914944182,0.927219756189423,0.5841374117417568,0.5839233570894249,0.5767946520635401,0.16726038084804717,0.6476773750961081,0.10041089968484238,0.1999132950743346,0.08084247687187218,5270.612667814653,91
ba_uv_joint,170.0,1,False,False,175.7679109694805,0.6344397232519516,nan,153.9008628331676,17.669703758413274,154.90924859848175,6.178837566848159,4.798943889420725,6.286038388027804,4.863249750164637,88158.24048310057,90
ba_polar_plain_joint,170.0,1,False,False,175.7679109694805,0.6344397232519516,nan,38.77573208723468,13.893491746587573,33.3180326884028,3.7103887648412615,0.881559293370404,3.7671142837967064,0.9575965503118851,12218.726655946943,90
ba_polar_cov_joint,170.0,1,False,False,175.7679109694805,0.6344397232519516,nan,56.76136345824642,44.647185520075205,34.111654617657244,1.3538450475903698,0.8149501018588148,1.3801886009500521,0.8130190519711168,46277.488403976124,90
ba_polar_staged,170.0,1,False,True,175.7679109694805,0.6344397232519516,1.0122211897572029,1.010790875835641,0.3047230978786375,1.0364125327096188,0.720461028895714,0.07210884039243556,0.38178405701957674,0.07082685265604124,5328.25306722285,99
ba_uv_joint,170.0,2,False,False,177.25463877963614,0.9448569945502286,nan,177.2137256048709,23.885672900271956,170.0008905717715,7.098555407799683,5.820940870888964,7.241557120781634,6.038456112109964,129693.94878469303,90
ba_polar_plain_joint,170.0,2,False,False,177.25463877963614,0.9448569945502286,nan,10.576859107388895,2.3525269049461315,10.210548631980101,1.3002637232125005,0.5558307853762153,1.1785974980265277,0.5440799760151187,1951.0569575142238,90
ba_polar_cov_joint,170.0,2,False,False,177.25463877963614,0.9448569945502286,nan,170.82965856593114,206.00572306036716,16.502476127590697,0.8643411965905,0.8653567293737499,0.8628550984594168,0.8636266513604519,91294.80680006536,90
ba_polar_staged,170.0,2,False,True,177.25463877963614,0.9448569945502286,0.3953405650667891,0.3954813073093966,0.39012992046742373,0.05122081655398656,0.6523985890788024,0.09718103319357521,0.21574344131446405,0.0923862730445481,5244.420525137053,94
ba_uv_joint,170.0,3,False,False,174.88211724140942,1.1796403609583372,nan,174.86316953352596,14.144873499723857,173.70075818782036,6.356006658571309,4.6429984987787645,6.469999423474102,4.747112606625817,100168.81852483278,90
ba_polar_plain_joint,170.0,3,False,False,174.88211724140942,1.1796403609583372,nan,15.656797176210175,15.28946955181097,1.6706382199560568,2.0032595498058683,0.5730136066281306,1.9982781955616842,0.5480875196835773,9700.88799205139,90
ba_polar_cov_joint,170.0,3,False,False,174.88211724140942,1.1796403609583372,nan,92.72646901093415,87.71323186114654,92.53127456135067,6.603313401642776,5.258295704457002,6.70352784328089,5.4362748216854575,111382.72224829068,90
ba_polar_staged,170.0,3,False,True,174.88211724140942,1.1796403609583372,2.063707578532078,1.6462273449982479,0.8507320977956135,1.6036879446847203,0.6682745142382143,0.11901738719423322,0.2686668032820784,0.11105588765378319,5366.874666054642,96
ba_uv_joint,170.0,4,False,False,169.6902849761077,0.6182670767065467,nan,169.69026845314656,23.999935624421273,169.9998882782157,5.1449981303191805,3.3612152992113566,5.248815352732994,3.444347089345114,91195.99008544092,90
ba_polar_plain_joint,170.0,4,False,False,169.6902849761077,0.6182670767065467,nan,70.93038301183874,24.021891390482136,67.79922207014084,4.034807627158125,0.8361190235781812,4.043532551569414,0.8355513227392755,12669.270816584924,90
ba_polar_cov_joint,170.0,4,False,False,169.6902849761077,0.6182670767065467,nan,38.66095190316205,23.99907071289677,31.100031647141005,2.3789371118869185,0.7890873939743006,2.397275636695167,0.7788504541946932,24259.657967652172,90
ba_polar_staged,170.0,4,False,True,169.6902849761077,0.6182670767065467,1.2718506978012298,1.2712940726797108,1.1551386223910451,0.490728388870402,0.6780713520472385,0.1702846441645648,0.2869899872219057,0.16695248675805574,5662.914823003329,93
ba_uv_joint,170.0,5,False,False,174.78091956439945,0.5861675713822164,nan,143.4227253364836,41.737332870304435,139.16635323242434,3.688700841384334,0.8563534052552755,3.766048340923089,0.8563534052552755,66162.0390707462,90
ba_polar_plain_joint,170.0,5,False,False,174.78091956439945,0.5861675713822164,nan,77.10546278171994,23.993040831778664,78.63202784352407,5.392085570095155,3.848432292843092,5.491608575576641,3.848432292843092,19063.901706523684,90
ba_polar_cov_joint,170.0,5,False,False,174.78091956439945,0.5861675713822164,nan,35.51410327599687,24.001417195565697,31.450045224550152,4.129014744007996,0.6857612412848704,4.160511377108168,0.680203595492358,31629.95528472203,90
ba_polar_staged,170.0,5,False,True,174.78091956439945,0.5861675713822164,0.7473428164043666,0.7466465615492994,0.43696439047383745,0.6772069183582672,0.6639348927838331,0.07567267124918757,0.2508627155993222,0.06366130108846824,5380.975429012439,92
