method,yaw_init_error_deg,trial,success,converged_2deg,rotation_error_deg,roll_error_deg,pitch_error_deg,yaw_error_deg,cost,nfev,condition,tilt_yaw_coupling
uv_joint,0.0,0,True,True,0.0175253811134581,-0.0166924844658379,-0.006503600336825029,0.0031991147348968147,243.30563675202535,14,2.0834359341857316,0.09576426841896951
polar_plain_joint,0.0,0,True,True,0.16672609324756354,-0.04268249402471593,-0.032502356590675394,0.16776448862469703,482.72586956153214,17,2.079782730228272,0.09592237679758517
polar_cov_joint,0.0,0,True,True,0.012491761607027533,-0.012700159922411039,-0.001631132136774396,0.0023546764343757294,221.29599707318738,14,2.0840008537902968,0.0957348504323361
polar_staged,0.0,0,True,True,0.01249174701881545,-0.012700146178237155,-0.0016311225182093104,0.0023546744012793016,221.2959970731916,16,2.0840008555854688,0.0957348503701171
uv_joint,0.0,1,True,True,0.017525381071865315,-0.01669248453971423,-0.006503600144379208,0.0031991146469131306,243.30563675202686,14,2.083435934117113,0.09576426840947884
polar_plain_joint,0.0,1,True,True,0.16672635595790186,-0.04268240369560488,-0.03250206779965308,0.1677648276184214,482.7258695618598,18,2.0797827535056346,0.09592237514952459
polar_cov_joint,0.0,1,True,True,0.012491772402293506,-0.012700170916233655,-0.0016311336567535269,0.002354678387869234,221.29599707318596,15,2.0840008527408522,0.0957348504385167
polar_staged,0.0,1,True,True,0.012491746960462569,-0.012700146137133257,-0.0016311225226763994,0.0023546742670821578,221.29599707319113,14,2.084000855247508,0.09573485035659196
uv_joint,0.0,2,True,True,0.0175253811134581,-0.01669248447914693,-0.006503600378728837,0.0031991151886856337,243.3056367520256,12,2.083435934060486,0.09576426842368206
polar_plain_joint,0.0,2,True,True,0.16672584845339253,-0.04268211720183678,-0.03250263424309624,0.1677641852744821,482.7258695650259,15,2.0797827520624046,0.0959223782209534
polar_cov_joint,0.0,2,True,True,0.012491767792424313,-0.012700166408684769,-0.0016311315345777144,0.0023546776030005747,221.29599707318687,12,2.084000853434481,0.09573485041974371
polar_staged,0.0,2,True,True,0.012491747077168332,-0.012700146200774566,-0.001631122544766942,0.0023546742124116037,221.29599707319096,16,2.084000855582821,0.09573485036565017
uv_joint,0.0,3,True,True,0.017525381155050885,-0.016692484507288476,-0.006503600305487023,0.0031991148756236373,243.30563675202436,13,2.083435934278333,0.09576426841439786
polar_plain_joint,0.0,3,True,True,0.166725862299612,-0.042682499904941336,-0.03250260984009643,0.16776419302533166,482.72586956367627,14,2.0797827169755814,0.09592237823886521
polar_cov_joint,0.0,3,True,True,0.012491758981150616,-0.012700157390183804,-0.0016311310829802968,0.002354675983490756,221.2959970731878,11,2.084000854203724,0.09573485040081126
polar_staged,0.0,3,True,True,0.01249174701881545,-0.012700146187925124,-0.0016311225488173785,0.0023546742835319867,221.29599707319105,20,2.084000855467452,0.0957348503486903
uv_joint,0.0,4,True,True,0.017525381155050885,-0.016692484528109983,-0.006503600379460365,0.0031991149570521973,243.3056367520264,12,2.0834359342842257,0.09576426840732508
polar_plain_joint,0.0,4,True,True,0.16672607959373226,-0.042682652974528,-0.032502377840840646,0.1677644649510525,482.7258695623742,18,2.079782714261042,0.09592237699201732
polar_cov_joint,0.0,4,True,True,0.012491771293590944,-0.012700169756667032,-0.0016311333236731186,0.0023546780131458228,221.29599707318556,13,2.0840008529960863,0.09573485042163729
polar_staged,0.0,4,True,True,0.01249174701881545,-0.012700146164272933,-0.0016311224361812149,0.002354674288678124,221.29599707319093,19,2.084000855374084,0.0957348503461605
uv_joint,0.0,5,True,True,0.0175253811134581,-0.016692484391646688,-0.0065036005783563515,0.003199115183841649,243.30563675202592,12,2.083435934076553,0.09576426841820498
polar_plain_joint,0.0,5,True,True,0.1667259704067622,-0.042682027705910196,-0.03250247244762122,0.1677643498015479,482.7258695647023,17,2.07978276880176,0.09592237726504395
polar_cov_joint,0.0,5,True,True,0.012491771118532634,-0.012700169660836917,-0.0016311332546359984,0.0023546780557461722,221.29599707318528,13,2.084000852966445,0.09573485044161913
polar_staged,0.0,5,True,True,0.012491746960462569,-0.01270014615246035,-0.0016311224562155287,0.0023546739639943803,221.29599707319088,18,2.084000855434138,0.09573485037122312
uv_joint,0.0,6,True,True,0.01752538127982925,-0.016692484637611707,-0.006503600397352575,0.003199114867284223,243.3056367520244,13,2.083435934093234,0.09576426842645391
polar_plain_joint,0.0,6,True,True,0.16672595798583262,-0.042682050272955484,-0.0325024790884556,0.1677643346426267,482.72586956444945,14,2.0797827663627073,0.0959223773182626
polar_cov_joint,0.0,6,True,True,0.01249176925124386,-0.01270016768286109,-0.0016311333448540224,0.0023546777565800186,221.2959970731867,12,2.0840008530804,0.0957348504257494
polar_staged,0.0,6,True,True,0.01249174701881545,-0.01270014617465426,-0.001631122465602936,0.0023546742829467647,221.29599707319142,16,2.0840008553887954,0.09573485036439544
uv_joint,0.0,7,True,True,0.017525381196643673,-0.016692484516927147,-0.006503600437427564,0.0031991150411078972,243.30563675202504,14,2.08343593419949,0.09576426842806245
polar_plain_joint,0.0,7,True,True,0.16672609147252182,-0.04268227209317998,-0.03250234193947252,0.16776449663224596,482.7258695619079,11,2.0797827521112393,0.0959223766185911
polar_cov_joint,0.0,7,True,True,0.012491771060179867,-0.01270016958349696,-0.0016311332319713658,0.00235467794156744,221.29599707318596,11,2.084000853030118,0.09573485042141142
polar_staged,0.0,7,True,True,0.012491747077168332,-0.012700146195269026,-0.0016311225346384655,0.002354674336745847,221.29599707319096,18,2.084000855485752,0.09573485033371991
uv_joint,0.0,8,True,True,0.01752538123823646,-0.01669248461991828,-0.006503600328372705,0.0031991150841280797,243.30563675202578,14,2.0834359342380844,0.09576426841410367
polar_plain_joint,0.0,8,True,True,0.16672591234623163,-0.04268254448509219,-0.03250257706387454,0.16776425113170254,482.72586956346635,16,2.0797827141888447,0.09592237806998134
polar_cov_joint,0.0,8,True,True,0.012491771001827095,-0.01270016950402444,-0.0016311332154118079,0.002354677981012679,221.29599707318624,13,2.0840008529757936,0.09573485044134576
polar_staged,0.0,8,True,True,0.012491747077168332,-0.01270014626547818,-0.0016311224009549815,0.0023546740954021777,221.29599707319062,16,2.084000855552054,0.09573485037521902
uv_joint,0.0,9,True,True,0.01752538127982925,-0.016692484637315912,-0.006503600465866494,0.0031991150246580683,243.3056367520263,11,2.0834359341748296,0.09576426841173465
polar_plain_joint,0.0,9,True,True,0.16672584556348044,-0.04268280293383277,-0.03250261078673605,0.16776416580991366,482.72586956633967,15,2.0797826881701424,0.09592237836280323
polar_cov_joint,0.0,9,True,True,0.012491770068182735,-0.01270016860418032,-0.0016311329910729739,0.0023546777840091223,221.29599707318604,11,2.0840008531223253,0.09573485042651564
polar_staged,0.0,9,True,True,0.012491746960462569,-0.012700146153988607,-0.0016311225442453311,0.002354674143533511,221.2959970731915,16,2.0840008555007365,0.09573485037088678
uv_joint,15.0,0,True,True,0.017525381155050885,-0.01669248450925883,-0.006503600402611622,0.003199115145821299,243.30563675202623,12,2.0834359341896724,0.09576426841704386
polar_plain_joint,15.0,0,True,True,0.1667259793344414,-0.04268218155444334,-0.03250248645152079,0.16776435157434136,482.72586956316627,16,2.0797827533802358,0.09592237739988452
polar_cov_joint,15.0,0,True,True,0.012491771702060318,-0.012700170223672645,-0.0016311336436003428,0.002354677996587855,221.2959970731859,13,2.0840008528339777,0.0957348504273546
polar_staged,15.0,0,True,True,0.012491746960462569,-0.012700146098538817,-0.0016311226029774538,0.0023546742944826364,221.29599707319048,23,2.0840008555142386,0.0957348503478309
uv_joint,15.0,1,True,True,0.01752538123823646,-0.01669248459427824,-0.006503600422661839,0.003199115064790307,243.3056367520263,8,2.0834359343254203,0.09576426841402834
polar_plain_joint,15.0,1,True,True,0.1667260519887687,-0.042682409175110604,-0.032502416005712534,0.1677644355704178,482.7258695617683,17,2.07978273524773,0.09592237710291328
polar_cov_joint,15.0,1,True,True,0.012491754546335013,-0.012700153439562763,-0.001631126394427634,0.0023546755652064677,221.2959970731888,12,2.084000854633171,0.09573485039920755
polar_staged,15.0,1,True,True,0.01249174701881545,-0.012700146171758365,-0.0016311225462474904,0.002354674295023331,221.29599707318982,26,2.0840008555310154,0.09573485035224137
uv_joint,15.0,2,True,True,0.017525383234690127,-0.016692485070378647,-0.006503604453671398,0.0031991135274310354,243.30563675202487,14,2.0834359337813497,0.09576426843242712
polar_plain_joint,15.0,2,True,True,0.1667261587885612,-0.04268275824692499,-0.03250227253059506,0.16776456678681242,482.72586956284186,20,2.079782709409729,0.0959223764376287
polar_cov_joint,15.0,2,True,True,0.012491771176885404,-0.012700169680096766,-0.001631133365665982,0.002354678086931511,221.2959970731863,15,2.0840008530400795,0.09573485041518906
polar_staged,15.0,2,True,True,0.012491747077168332,-0.012700146216138235,-0.001631122526871551,0.0023546743829974733,221.29599707319127,24,2.0840008554326523,0.09573485034539245
uv_joint,15.0,3,True,True,0.017525381071865315,-0.016692484460410283,-0.0065036004761699,0.0031991153392658153,243.30563675202671,9,2.0834359342635707,0.09576426841676158
polar_plain_joint,15.0,3,True,True,0.16672611224837838,-0.04268245698500025,-0.0325023207124617,0.1677645171676086,482.72586956136615,17,2.079782735570842,0.09592237657404426
polar_cov_joint,15.0,3,True,True,0.012491771001827095,-0.012700169482455509,-0.001631133166987863,0.002354678236112248,221.29599707318545,13,2.084000852938078,0.09573485041475284
polar_staged,15.0,3,True,True,0.012491746960462569,-0.012700146149599441,-0.0016311225498192533,0.002354674230992404,221.29599707319153,22,2.084000855652434,0.0957348503587289
uv_joint,15.0,4,True,True,0.017525381071865315,-0.016692484452956652,-0.006503600346153596,0.003199114964583751,243.30563675202558,15,2.0834359342036057,0.09576426841621033
polar_plain_joint,15.0,4,True,True,0.16672532121193215,-0.042682173755244586,-0.03250319340324729,0.16776351299388675,482.7258695762277,17,2.0797827184246445,0.09592238137433652
polar_cov_joint,15.0,4,True,True,0.012491770943474324,-0.012700169464668256,-0.001631133314959989,0.0023546782918864545,221.29599707318565,14,2.084000853085404,0.09573485044967858
polar_staged,15.0,4,True,True,0.012491746960462569,-0.01270014616695255,-0.0016311224715298996,0.0023546744847084316,221.295997073189,26,2.0840008555863467,0.0957348503588018
uv_joint,15.0,5,True,True,0.017525381155050885,-0.01669248456246156,-0.0065036003228067345,0.0031991149603599746,243.30563675202663,13,2.0834359341762245,0.09576426842028757
polar_plain_joint,15.0,5,True,True,0.16672607470143702,-0.04268246185173235,-0.032502378976072846,0.16776446548376994,482.725869561586,13,2.079782732214202,0.09592237691053203
polar_cov_joint,15.0,5,True,True,0.012491771351943712,-0.012700169837930202,-0.0016311333984622715,0.0023546781022140764,221.29599707318573,13,2.084000852949672,0.09573485043876559
polar_staged,15.0,5,True,True,0.012491747077168332,-0.012700146220245921,-0.0016311224982576908,0.002354674238113666,221.29599707319034,28,2.0840008554044367,0.09573485034041214
uv_joint,15.0,6,True,True,0.01752538123823646,-0.016692484544726785,-0.006503600449362596,0.003199115067948598,243.305636752027,14,2.083435934113816,0.09576426842570057
polar_plain_joint,15.0,6,True,True,0.1667253050790884,-0.04268231590245981,-0.03250322275784913,0.16776348555973247,482.72586957695233,18,2.0797827033009137,0.09592238158641353
polar_cov_joint,15.0,6,True,True,0.012491771001827095,-0.012700169501047442,-0.0016311332373544546,0.0023546780595373935,221.29599707318644,16,2.084000852995479,0.09573485043713406
polar_staged,15.0,6,True,True,0.012491747077168332,-0.012700146236372924,-0.0016311224305293691,0.0023546741910096505,221.29599707319102,25,2.084000855364197,0.0957348503675633
uv_joint,15.0,7,True,True,0.01752538123823646,-0.0166924845946281,-0.006503600352191879,0.0031991148850857875,243.30563675202507,12,2.083435934029822,0.09576426840955629
polar_plain_joint,15.0,7,True,True,0.1667261436963399,-0.042682718519491125,-0.03250228200452124,0.16776455016174457,482.72586956248756,12,2.0797827125718653,0.09592237645031469
polar_cov_joint,15.0,7,True,True,0.012491771818765852,-0.012700170239945952,-0.001631134090876977,0.002354678176066556,221.29599707318692,13,2.0840008528848997,0.09573485042773103
polar_staged,15.0,7,True,True,0.01249174701881545,-0.012700146161534474,-0.001631122590581242,0.002354674336548653,221.29599707319016,23,2.0840008554835325,0.09573485035963324
uv_joint,15.0,8,True,True,0.017525381071865315,-0.01669248439016455,-0.0065036003852632866,0.0031991150045442406,243.30563675202646,9,2.0834359343140565,0.0957642684106441
polar_plain_joint,15.0,8,True,True,0.1667263388851745,-0.042682275186110376,-0.032502061993916274,0.1677648147864926,482.7258695625547,16,2.0797827658659487,0.09592237503841895
polar_cov_joint,15.0,8,True,True,0.012491771060179867,-0.01270016959828813,-0.0016311331847608025,0.002354677944687564,221.2959970731867,12,2.0840008528838547,0.09573485043160664
polar_staged,15.0,8,True,True,0.012491746960462569,-0.012700146161545606,-0.0016311224545950361,0.002354674155880424,221.29599707319153,24,2.084000855571897,0.09573485038257547
uv_joint,15.0,9,True,True,0.017525382527612814,-0.016692486200563312,-0.006503600218902784,0.003199117813826413,243.30563675202546,16,2.083435934011608,0.09576426842579469
polar_plain_joint,15.0,9,True,True,0.16672611327143189,-0.042682452301207284,-0.032502328576426084,0.1677645167769665,482.72586956138736,16,2.0797827356039433,0.09592237662871152
polar_cov_joint,15.0,9,True,True,0.012491771118532634,-0.012700169649081588,-0.001631133309357442,0.002354678089281941,221.29599707318684,14,2.084000853070207,0.0957348504421993
polar_staged,15.0,9,True,True,0.012491746960462569,-0.012700146068244031,-0.0016311225973208371,0.0023546742673334216,221.29599707319022,23,2.084000855422268,0.09573485036999817
uv_joint,30.0,0,True,True,0.017525381155050885,-0.01669248452116683,-0.006503600320969964,0.00319911476153396,243.3056367520253,14,2.083435934148358,0.09576426841140663
polar_plain_joint,30.0,0,True,True,0.16672610270862304,-0.042682451446841914,-0.032502337377450265,0.16776450386057176,482.72586956141447,17,2.0797827353412255,0.09592237668091008
polar_cov_joint,30.0,0,True,True,0.012491771818765852,-0.012700170242371125,-0.0016311340557238964,0.002354678161566407,221.29599707318653,14,2.084000852919155,0.09573485046165944
polar_staged,30.0,0,True,True,0.012491747077168332,-0.012700146302316955,-0.001631122463584874,0.002354674126110433,221.2959970731903,28,2.0840008554301375,0.09573485032938579
uv_joint,30.0,1,True,True,0.0175253811134581,-0.01669248448343273,-0.006503600332078052,0.0031991149044712677,243.30563675202546,13,2.083435934163912,0.09576426842157512
polar_plain_joint,30.0,1,True,True,0.16672668275711064,-0.042682272142451544,-0.032501697940776515,0.1677652520768942,482.7258695673768,21,2.0797827846426844,0.09592237298541716
polar_cov_joint,30.0,1,True,True,0.012491771118532634,-0.012700169597368948,-0.0016311338313850622,0.0023546781188738216,221.29599707318616,14,2.08400085308751,0.09573485042648519
polar_staged,30.0,1,True,True,0.012491746960462569,-0.012700146139629992,-0.0016311224721882744,0.0023546743995586216,221.29599707319105,26,2.084000855527854,0.09573485035694583
uv_joint,30.0,2,True,True,0.017525381155050885,-0.016692484548929888,-0.006503600349882796,0.0031991150455384096,243.30563675202546,17,2.0834359341046436,0.09576426842457214
polar_plain_joint,30.0,2,True,True,0.1667261407015044,-0.04268239249321898,-0.03250230434152814,0.16776455251697076,482.72586956137786,13,2.079782742574247,0.0959223764649547
polar_cov_joint,30.0,2,True,True,0.012491771702060318,-0.012700170218881139,-0.001631133694834308,0.0023546781727492375,221.29599707318644,13,2.084000853055446,0.09573485043281355
polar_staged,30.0,2,True,True,0.012491746960462569,-0.012700146180597126,-0.0016311225302858764,0.002354674287949777,221.2959970731911,34,2.0840008554383194,0.09573485035693208
uv_joint,30.0,3,True,True,0.0175253811134581,-0.016692484454920643,-0.00650360042204004,0.0031991151042673523,243.30563675202615,14,2.083435934230337,0.09576426841108482
polar_plain_joint,30.0,3,True,True,0.16672601837226506,-0.04268250869902713,-0.03250243708256458,0.16776439272329235,482.7258695620132,17,2.079782724984982,0.09592237725170992
polar_cov_joint,30.0,3,True,True,0.012491771118532634,-0.01270016962014013,-0.0016311333211509386,0.002354677913225517,221.29599707318621,16,2.084000852910007,0.09573485043543943
polar_staged,30.0,3,True,True,0.01249174701881545,-0.012700146189289583,-0.001631122528762391,0.0023546741086937157,221.29599707319008,28,2.0840008556002347,0.095734850381672
uv_joint,30.0,4,True,True,0.017525381155050885,-0.01669248450306629,-0.006503600470664361,0.003199115039202745,243.30563675202663,14,2.0834359343136923,0.09576426842731636
polar_plain_joint,30.0,4,True,True,0.1667261168914672,-0.042682632055697035,-0.032502321099915285,0.16776451656116267,482.7258695619558,18,2.079782718784734,0.09592237663643707
polar_cov_joint,30.0,4,True,True,0.012491772869115608,-0.01270017130589136,-0.0016311343371918539,0.002354678356782492,221.29599707318644,14,2.084000853041299,0.09573485045866972
polar_staged,30.0,4,True,True,0.01249174701881545,-0.012700146189520173,-0.0016311224530238422,0.002354674206095022,221.2959970731901,25,2.0840008554884433,0.09573485036791923
uv_joint,30.0,5,True,True,0.01752538127982925,-0.01669248462090584,-0.0065036004846874265,0.003199115032501316,243.30563675202558,13,2.0834359340378636,0.09576426842522516
polar_plain_joint,30.0,5,True,True,0.16672612570983797,-0.04268232341589685,-0.03250230330262222,0.16776453906211763,482.7258695615841,12,2.07978274924607,0.09592237641642806
polar_cov_joint,30.0,5,True,True,0.012491772927468368,-0.01270017138953518,-0.0016311341457304132,0.002354678379513916,221.29599707318621,12,2.0840008527380576,0.09573485044352466
polar_staged,30.0,5,True,True,0.012491747135521213,-0.012700146287028029,-0.0016311225924609497,0.002354674378058072,221.29599707319124,30,2.084000855505201,0.09573485035787056
uv_joint,30.0,6,True,True,0.017525381196643673,-0.01669248454683549,-0.006503600479293205,0.003199115009897114,243.30563675202546,15,2.0834359342038606,0.09576426839480057
polar_plain_joint,30.0,6,True,True,0.16672602228085615,-0.04268272109710646,-0.03250243010072704,0.16776439170509502,482.72586956332634,14,2.0797827049174784,0.09592237728904375
polar_cov_joint,30.0,6,True,True,0.012491771118532634,-0.012700169621304214,-0.001631133324558903,0.0023546781104103656,221.29599707318457,16,2.084000852983603,0.09573485041772314
polar_staged,30.0,6,True,True,0.012491747077168332,-0.012700146258091342,-0.0016311226040381687,0.002354674358281383,221.29599707319056,31,2.084000855357875,0.09573485036839852
uv_joint,30.0,7,True,True,0.017525381155050885,-0.016692484501150007,-0.00650360035661126,0.00319911468406837,243.30563675202623,15,2.083435934259736,0.09576426843432025
polar_plain_joint,30.0,7,True,True,0.16672612931675695,-0.04268262742382663,-0.03250235036854037,0.16776452379962173,482.7258695620527,17,2.0797827178968977,0.09592237681985545
polar_cov_joint,30.0,7,True,True,0.012491771760413085,-0.012700170242018085,-0.0016311336744278691,0.002354678278928875,221.29599707318638,14,2.0840008528893526,0.09573485042677607
polar_staged,30.0,7,True,True,0.012491747077168332,-0.012700146283336995,-0.0016311223776415158,0.0023546741950425942,221.29599707319088,29,2.084000855491557,0.09573485035424134
uv_joint,30.0,8,True,True,0.017525381321422038,-0.016692484689664663,-0.006503600372768478,0.0031991149292000805,243.30563675202748,13,2.0834359340709137,0.09576426842346943
polar_plain_joint,30.0,8,True,True,0.166726218549722,-0.04268282098374139,-0.032502217949285414,0.16776463903580593,482.72586956342246,17,2.0797827061942957,0.0959223761579308
polar_cov_joint,30.0,8,True,True,0.012491774502992827,-0.012700172959107109,-0.0016311344458030254,0.0023546785290795005,221.2959970731856,16,2.0840008527097478,0.0957348504330348
polar_staged,30.0,8,True,True,0.012491747077168332,-0.01270014626163289,-0.0016311224808409734,0.0023546742226529895,221.29599707319042,21,2.084000855510469,0.09573485033989101
uv_joint,30.0,9,True,True,0.0175253811134581,-0.016692484468754466,-0.006503600346470061,0.003199115186233426,243.30563675202637,15,2.083435934122772,0.0957642684135617
polar_plain_joint,30.0,9,True,True,0.16672614564188995,-0.04268238031962844,-0.03250228114212815,0.16776456286217015,482.72586956137087,20,2.079782744813277,0.09592237632968671
polar_cov_joint,30.0,9,True,True,0.012491770885121553,-0.012700169350085593,-0.0016311333197451335,0.002354677977555416,221.29599707318636,16,2.0840008530882037,0.09573485043823235
polar_staged,30.0,9,True,True,0.012491747193874097,-0.01270014630692558,-0.001631122514072999,0.002354674194651386,221.29599707319042,25,2.0840008554660767,0.09573485035488784
uv_joint,60.0,0,True,True,0.017525381155050885,-0.016692484421652044,-0.006503600518161174,0.0031991153076351988,243.3056367520277,15,2.0834359341497732,0.09576426842337088
polar_plain_joint,60.0,0,True,True,0.1667261495592221,-0.042682549440242135,-0.03250228369165442,0.16776456123127395,482.72586956144926,18,2.0797827288360273,0.09592237641105127
polar_cov_joint,60.0,0,True,True,0.012491751161869414,-0.012700149330612122,-0.0016311309853038723,0.002354674781307878,221.29599707318914,23,2.0840008548974396,0.0957348504222671
polar_staged,60.0,0,True,True,0.01249174701881545,-0.012700146183612291,-0.0016311224450724555,0.002354674149449343,221.29599707319025,30,2.084000855560289,0.0957348503577652
uv_joint,60.0,1,True,True,0.01752538123823646,-0.016692484674318487,-0.006503600298159026,0.003199114909626947,243.30563675202689,15,2.0834359343478854,0.09576426840973355
polar_plain_joint,60.0,1,True,True,0.16672649979720014,-0.04268227836515907,-0.03250191712177037,0.1677650140491594,482.7258695639042,18,2.079782772758744,0.09592237422502124
polar_cov_joint,60.0,1,True,True,0.012491771585354786,-0.012700170113410765,-0.0016311333808022418,0.002354678093015912,221.295997073186,14,2.0840008530786966,0.09573485043264068
polar_staged,60.0,1,True,True,0.012491747077168332,-0.01270014619581131,-0.0016311225317934594,0.002354674220894143,221.29599707319124,31,2.084000855381061,0.09573485037517102
uv_joint,60.0,2,True,True,0.01752538098867974,-0.01669248434078485,-0.006503600385420724,0.0031991150839086216,243.30563675202686,17,2.0834359342463564,0.09576426840722885
polar_plain_joint,60.0,2,True,True,0.1667261582551745,-0.04268252893121292,-0.032502286479804986,0.16776457045925577,482.72586956139384,16,2.079782730443422,0.0959223764011615
polar_cov_joint,60.0,2,True,True,0.012491764816431904,-0.012700163007345524,-0.0016311339676591083,0.0023546771061947525,221.29599707318636,12,2.084000853591919,0.09573485044342593
polar_staged,60.0,2,True,True,0.0124917468437568,-0.01270014602356519,-0.0016311226316056263,0.00235467426428327,221.2959970731912,28,2.084000855520921,0.09573485037298006
uv_joint,60.0,3,True,True,0.017525382444427244,-0.016692486093133715,-0.0065036001844828205,0.003199117499660763,243.30563675202671,16,2.0834359341491426,0.09576426841872807
polar_plain_joint,60.0,3,True,True,0.16672621986132818,-0.042682717242862586,-0.03250223583647527,0.16776463996272134,482.72586956237217,24,2.079782715143985,0.0959223761954841
polar_cov_joint,60.0,3,True,True,0.012491771818765852,-0.012700170324481917,-0.0016311335465075505,0.0023546780738912367,221.29599707318582,17,2.084000852992014,0.09573485041319206
polar_staged,60.0,3,True,True,0.012491746960462569,-0.012700146164990147,-0.0016311224727480521,0.002354674301543468,221.29599707319022,29,2.0840008556463734,0.09573485035997678
uv_joint,60.0,4,True,True,0.017525381155050885,-0.016692484415529476,-0.006503600564808779,0.00319911529594666,243.30563675202583,15,2.0834359340960247,0.09576426841030378
polar_plain_joint,60.0,4,True,True,0.16672610994869405,-0.04268253375320098,-0.032502341153700584,0.1677645081700325,482.7258695615699,23,2.0797827271762728,0.09592237674879663
polar_cov_joint,60.0,4,True,True,0.012491771235238175,-0.01270016982214988,-0.0016311332568305812,0.0023546779519614926,221.29599707318533,18,2.0840008529966503,0.09573485041680165
polar_staged,60.0,4,True,True,0.01249174701881545,-0.012700146165230278,-0.0016311225520440514,0.002354674383127876,221.29599707319042,32,2.084000855684327,0.0957348503590445
uv_joint,60.0,5,True,True,0.017525382028499396,-0.016692485669962506,-0.006503599815454194,0.0031991152860392324,243.3056367520259,17,2.0834359340930355,0.09576426841272193
polar_plain_joint,60.0,5,True,True,0.16672606256469683,-0.04268254204913717,-0.032502398617696424,0.16776444617430758,482.7258695618774,23,2.0797827235235222,0.09592237705301418
polar_cov_joint,60.0,5,True,True,0.012491770885121553,-0.012700169382697411,-0.0016311332449830149,0.0023546780467293,221.29599707318573,14,2.0840008530982224,0.0957348504343926
polar_staged,60.0,5,True,True,0.012491747077168332,-0.012700146225301414,-0.0016311226387952702,0.0023546744254133506,221.29599707319144,32,2.0840008552462126,0.09573485035211746
uv_joint,60.0,6,True,True,0.0175253811134581,-0.01669248448802863,-0.006503600341131501,0.003199114815364848,243.30563675202637,12,2.0834359341190978,0.09576426840389175
polar_plain_joint,60.0,6,True,True,0.1667262111566349,-0.04268222958961644,-0.03250221849856403,0.1677646494467569,482.7258695621862,22,2.079782762541018,0.09592237590572167
polar_cov_joint,60.0,6,True,True,0.012491770885121553,-0.012700169428780467,-0.0016311333090441573,0.0023546781604055047,221.29599707318638,15,2.0840008529550538,0.09573485043033643
polar_staged,60.0,6,True,True,0.012491747077168332,-0.012700146189165542,-0.001631122541405096,0.002354674124873197,221.29599707319082,23,2.084000855470629,0.09573485035238062
uv_joint,60.0,7,True,True,0.01752538127982925,-0.016692484589835004,-0.006503600384234377,0.003199114736270814,243.30563675202689,12,2.083435934150144,0.09576426842602749
polar_plain_joint,60.0,7,True,True,0.16672609549041179,-0.0426826241795225,-0.032502355869010714,0.16776448711115058,482.72586956205873,16,2.07978271797226,0.09592237685938604
polar_cov_joint,60.0,7,True,True,0.012491772227235213,-0.01270017073667385,-0.0016311337324777632,0.0023546782384594976,221.29599707318604,16,2.0840008527756577,0.09573485044133913
polar_staged,60.0,7,True,True,0.01249174701881545,-0.012700146190938701,-0.0016311225389179019,0.0023546742165208804,221.29599707319034,20,2.0840008554829565,0.09573485035199499
uv_joint,60.0,8,True,True,0.017525381196643673,-0.016692484578043097,-0.006503600370400556,0.0031991146282559966,243.30563675202552,15,2.0834359340071336,0.09576426841752059
polar_plain_joint,60.0,8,True,True,0.1667258701430336,-0.042682487393054275,-0.032502614887008556,0.16776420064820205,482.72586956369867,23,2.0797827178324013,0.09592237826756876
polar_cov_joint,60.0,8,True,True,0.012491771702060318,-0.012700170153946935,-0.0016311336606338036,0.002354678409989992,221.29599707318684,16,2.0840008528673093,0.09573485042616431
polar_staged,60.0,8,True,True,0.01249174701881545,-0.012700146238053848,-0.0016311225697979075,0.002354674322363379,221.29599707319088,29,2.0840008555133798,0.09573485034858041
uv_joint,60.0,9,True,True,0.0175253811134581,-0.016692484436915525,-0.006503600472423207,0.00319911504364598,243.30563675202433,13,2.083435934253308,0.09576426839122819
polar_plain_joint,60.0,9,True,True,0.16672613999323674,-0.04268250727481768,-0.03250231137258159,0.16776454677140054,482.72586956140293,17,2.0797827312873873,0.09592237654418964
polar_cov_joint,60.0,9,True,True,0.012491782147201263,-0.012700180342045996,-0.0016311387519035295,0.002354679799873304,221.2959970731867,13,2.0840008518882542,0.09573485046414774
polar_staged,60.0,9,True,True,0.012491746960462569,-0.012700146141347492,-0.0016311225477264482,0.00235467415052437,221.29599707319008,26,2.0840008554641836,0.09573485036250848
uv_joint,90.0,0,True,True,0.017525381071865315,-0.016692484428200805,-0.006503600278428455,0.0031991149547812817,243.3056367520285,16,2.083435934201267,0.09576426843728521
polar_plain_joint,90.0,0,True,True,0.16672624754933232,-0.04268232718017714,-0.0325022021376508,0.16776468814743778,482.7258695616047,25,2.0797827539695173,0.09592237587911158
polar_cov_joint,90.0,0,True,True,0.012491771235238175,-0.012700169743337325,-0.0016311332269254158,0.00235467807849668,221.29599707318621,20,2.0840008530594876,0.09573485044226387
polar_staged,90.0,0,True,True,0.012491746902109684,-0.01270014613915132,-0.0016311224422306298,0.002354674365065506,221.29599707319056,30,2.084000855431726,0.09573485035697128
uv_joint,90.0,1,True,True,0.017525381071865315,-0.016692484459295498,-0.006503600271583901,0.0031991146603827796,243.30563675202623,18,2.0834359342928344,0.0957642684346259
polar_plain_joint,90.0,1,True,True,0.1667262178370826,-0.04268165043132868,-0.032502196013279666,0.16776467903130968,482.7258695725546,26,2.0797828186078107,0.09592237554942601
polar_cov_joint,90.0,1,True,True,0.012491771176885404,-0.012700169713656388,-0.0016311334091648382,0.0023546781419741905,221.29599707318536,18,2.084000853026815,0.09573485044430406
polar_staged,90.0,1,True,True,0.012491747077168332,-0.012700146258802196,-0.0016311224810381679,0.0023546743414912348,221.29599707319062,29,2.0840008555004124,0.09573485036224832
uv_joint,90.0,2,True,True,0.017525381321422038,-0.016692484695408745,-0.00650360042644988,0.0031991150196137084,243.30563675202632,14,2.0834359340951103,0.09576426842333009
polar_plain_joint,90.0,2,True,True,0.16672618622299828,-0.042683069157057586,-0.03250227564657971,0.16776458544019313,482.72586956768856,29,2.079782679702449,0.09592237658297771
polar_cov_joint,90.0,2,True,True,0.012491764291256698,-0.012700162800968872,-0.0016311314228146133,0.002354677184236023,221.29599707318707,20,2.084000853793029,0.0957348504437228
polar_staged,90.0,2,True,True,0.01249174701881545,-0.012700146211761793,-0.0016311225760143016,0.00235467447489324,221.2959970731903,27,2.0840008554176523,0.09573485036188534
uv_joint,90.0,3,True,True,0.01752538094708695,-0.016692484338116365,-0.006503600317872104,0.0031991163583346186,243.30563675202615,15,2.0834359342077904,0.09576426840137303
polar_plain_joint,90.0,3,True,True,0.16672607227059144,-0.04268314811156365,-0.03250238316043603,0.16776444081268116,482.72586957021326,24,2.079782666628915,0.0959223772379657
polar_cov_joint,90.0,3,True,True,0.012491762949142188,-0.012700161594842106,-0.0016311298581614111,0.0023546769673062906,221.29599707318656,18,2.084000853797143,0.09573485041691186
polar_staged,90.0,3,True,True,0.012491747077168332,-0.012700146195609345,-0.0016311225593609172,0.002354674182301292,221.29599707319124,26,2.084000855540419,0.09573485034850313
uv_joint,90.0,4,True,True,0.0175253811134581,-0.016692484538071477,-0.0065036001743018655,0.0031991147040995034,243.3056367520289,14,2.0834359340964492,0.09576426842742504
polar_plain_joint,90.0,4,True,True,0.16672620924606182,-0.04268240617491564,-0.03250221329424148,0.1677646430301087,482.7258695613244,22,2.0797827458529743,0.09592237597157396
polar_cov_joint,90.0,4,True,True,0.012491771176885404,-0.012700169657600704,-0.0016311333848908448,0.0023546781040397146,221.29599707318638,18,2.0840008531633356,0.09573485044669977
polar_staged,90.0,4,True,True,0.012491747135521213,-0.01270014628721091,-0.0016311225858867432,0.0023546742524357036,221.29599707319025,29,2.084000855526237,0.09573485035640684
uv_joint,90.0,5,True,True,0.017525381155050885,-0.01669248447898949,-0.006503600478916309,0.0031991149400521332,243.30563675202575,18,2.0834359340744935,0.09576426839468868
polar_plain_joint,90.0,5,True,True,0.16672584701499452,-0.04268238349827161,-0.03250260580209761,0.1677641813460677,482.72586956343514,15,2.0797827282508936,0.09592237816416227
polar_cov_joint,90.0,5,True,True,0.012491770535004923,-0.012700169063600312,-0.0016311329510870405,0.002354678078369458,221.2959970731859,17,2.084000853213963,0.09573485045114104
polar_staged,90.0,5,True,True,0.012491746960462569,-0.012700146141113722,-0.0016311225955429071,0.0023546744085850358,221.2959970731908,26,2.0840008556241902,0.09573485034288534
uv_joint,90.0,6,True,True,0.017525381155050885,-0.01669248448889215,-0.00650360038860764,0.0031991149999642415,243.3056367520259,14,2.0834359342476785,0.09576426843474953
polar_plain_joint,90.0,6,True,True,0.16672609681076297,-0.04268262169590051,-0.03250232934785054,0.16776449402060983,482.72586956192526,22,2.079782719487475,0.09592237668227659
polar_cov_joint,90.0,6,True,True,0.012491770943474324,-0.012700169439145896,-0.0016311332230896669,0.0023546779738532505,221.29599707318582,17,2.0840008529643446,0.09573485040848746
polar_staged,90.0,6,True,True,0.012491746960462569,-0.012700146143713825,-0.0016311225136802004,0.002354674143832483,221.29599707319034,24,2.0840008553669502,0.09573485038220354
uv_joint,90.0,7,True,True,0.017525381155050885,-0.01669248453296669,-0.006503600408530635,0.003199114829699608,243.30563675202689,16,2.083435934238782,0.09576426840254312
polar_plain_joint,90.0,7,True,True,0.1667260330141791,-0.042682647082100414,-0.032502406238047815,0.1677644102070018,482.7258695625086,26,2.0797827132970346,0.09592237714054917
polar_cov_joint,90.0,7,True,True,0.012491771001827095,-0.012700169544442929,-0.0016311332355701633,0.002354678029557485,221.295997073186,19,2.0840008529322587,0.09573485042835254
polar_staged,90.0,7,True,True,0.012491746960462569,-0.012700146165623077,-0.0016311225542036479,0.002354674436987389,221.29599707319088,24,2.0840008555193554,0.09573485036158683
uv_joint,90.0,8,True,True,0.017525381071865315,-0.016692484340861184,-0.006503600580733816,0.00319911512093982,243.30563675202717,14,2.083435934316236,0.09576426842449617
polar_plain_joint,90.0,8,True,True,0.16672609772014393,-0.0426826482520102,-0.03250234453149895,0.1677644910419663,482.72586956216446,33,2.079782716348402,0.0959223768020943
polar_cov_joint,90.0,8,True,True,0.012491771176885404,-0.01270016971297893,-0.001631133271680591,0.0023546779626258925,221.29599707318613,14,2.0840008529027667,0.09573485044694814
polar_staged,90.0,8,True,True,0.012491747077168332,-0.012700146235441022,-0.0016311224826363966,0.002354674234306542,221.29599707319306,25,2.0840008555428944,0.09573485035956339
uv_joint,90.0,9,True,True,0.0175253828187623,-0.01669248696623891,-0.0065035988053163876,0.00319911440510828,243.30563675202566,16,2.083435934148322,0.09576426840978948
polar_plain_joint,90.0,9,True,True,0.16672605557820117,-0.042683263539422436,-0.032502402886314084,0.16776441558553284,482.72586957342156,24,2.0797826545467766,0.09592237737532927
polar_cov_joint,90.0,9,True,True,0.012491770243241057,-0.012700168779335056,-0.001631132957524483,0.0023546779184956956,221.29599707318636,16,2.084000852993768,0.0957348504293477
polar_staged,90.0,9,True,True,0.01249174701881545,-0.012700146203447822,-0.0016311225161196859,0.00235467426158934,221.29599707319153,26,2.0840008554231297,0.09573485035287237
uv_joint,120.0,0,True,True,0.01752538127982925,-0.01669248461338701,-0.006503600465336931,0.0031991147354661336,243.30563675202575,19,2.0834359342579996,0.0957642684168189
polar_plain_joint,120.0,0,True,True,0.1667265268118679,-0.04268197006724624,-0.032501857991307004,0.16776506419856485,482.7258695688746,16,2.079782805111614,0.09592237375396635
polar_cov_joint,120.0,0,True,True,0.012491771760413085,-0.01270017027215861,-0.0016311334769106528,0.0023546781286508467,221.2959970731863,20,2.08400085284443,0.09573485040569396
polar_staged,120.0,0,True,True,0.012491746960462569,-0.012700146162795564,-0.0016311225451549698,0.0023546743125386453,221.29599707319136,24,2.0840008552965688,0.09573485035282757
uv_joint,120.0,1,True,True,0.017525381196643673,-0.016692484533222723,-0.006503600380870941,0.0031991148743355127,243.30563675202671,17,2.0834359343643345,0.0957642684429974
polar_plain_joint,120.0,1,True,True,0.16672594093929666,-0.04268251971049546,-0.032502502235880554,0.16776429739133417,482.72586956257373,20,2.079782720533729,0.09592237762495452
polar_cov_joint,120.0,1,True,True,0.012491771118532634,-0.012700169646145936,-0.0016311333108093651,0.002354678136214206,221.29599707318715,19,2.084000853019486,0.09573485043815666
polar_staged,120.0,1,True,True,0.012491746960462569,-0.012700146181454285,-0.001631122537863548,0.0023546741049120363,221.29599707319113,31,2.0840008554591565,0.09573485035576856
uv_joint,120.0,2,True,True,0.017525381030272527,-0.01669248445902674,-0.006503600199320109,0.0031991146629526675,243.305636752027,17,2.083435934196927,0.09576426840064367
polar_plain_joint,120.0,2,True,True,0.16672600275538788,-0.04268255170425319,-0.03250246305972268,0.1677643696073453,482.72586956236523,17,2.079782719492267,0.0959223774522627
polar_cov_joint,120.0,2,True,True,0.012491771702060318,-0.012700170237239301,-0.0016311335287473331,0.0023546781467004944,221.29599707318621,15,2.0840008528839182,0.09573485042865164
polar_staged,120.0,2,True,True,0.012491747077168332,-0.012700146198180823,-0.0016311225076021604,0.0023546742151850475,221.29599707319133,24,2.084000855501147,0.09573485036409714
uv_joint,120.0,3,True,True,0.01752538048956628,-0.01669248223502547,-0.006503604034043327,0.0031991123578742875,243.30563675202598,17,2.083435934291377,0.09576426845344703
polar_plain_joint,120.0,3,True,True,0.16672599403756722,-0.04268254171462392,-0.032502459344725086,0.1677643614874083,482.72586956229304,17,2.0797827205928012,0.095922377411229
polar_cov_joint,120.0,3,True,True,0.012491771001827095,-0.012700169543501484,-0.0016311333315243179,0.0023546783040202706,221.29599707318607,20,2.084000853227323,0.09573485042874079
polar_staged,120.0,3,True,True,0.012491746960462569,-0.012700146126918905,-0.0016311226449226088,0.002354674273774045,221.29599707319204,22,2.084000855324753,0.09573485035111903
uv_joint,120.0,4,True,True,0.017525381155050885,-0.016692484522836618,-0.006503600428364574,0.0031991148742305546,243.30563675202558,20,2.083435933997006,0.0957642684054378
polar_plain_joint,120.0,4,True,True,0.16672588585173584,-0.04268252755788121,-0.03250258822678817,0.16776422143564274,482.72586956351995,20,2.0797827152715946,0.09592237812612069
polar_cov_joint,120.0,4,True,True,0.012491771001827095,-0.01270016950160722,-0.0016311333194604738,0.002354678152533632,221.29599707318675,15,2.084000853038254,0.0957348504349892
polar_staged,120.0,4,True,True,0.012491746902109684,-0.012700146081734356,-0.0016311224578487436,0.0023546741608707145,221.29599707319096,31,2.084000855565685,0.09573485036081124
uv_joint,120.0,5,True,True,0.017525381071865315,-0.016692484484673142,-0.006503600296551256,0.0031991149839819544,243.30563675202558,22,2.0834359342722095,0.09576426839595233
polar_plain_joint,120.0,5,True,True,0.16672613619394897,-0.042682437954346925,-0.03250231409150421,0.1677645443616405,482.725869561348,32,2.079782737708186,0.0959223765367657
polar_cov_joint,120.0,5,True,True,0.012491752970808038,-0.012700151951649984,-0.0016311254926688193,0.0023546751366489886,221.2959970731883,27,2.084000854811763,0.09573485038457309
polar_staged,120.0,5,True,True,0.01249174701881545,-0.012700146202010211,-0.001631122491343165,0.0023546742748586143,221.29599707318891,31,2.0840008553147262,0.09573485034637977
uv_joint,120.0,6,True,True,0.01752538123823646,-0.016692484612603,-0.0065036003577053705,0.0031991150676305424,243.30563675202822,20,2.0834359341299704,0.09576426840394658
polar_plain_joint,120.0,6,True,True,0.1667260913457331,-0.04268249717690643,-0.03250234446051056,0.16776448901691668,482.7258695614903,27,2.079782730593928,0.09592237674043075
polar_cov_joint,120.0,6,True,True,0.012491772985821131,-0.01270017143278436,-0.0016311340434135597,0.002354678409446117,221.2959970731859,26,2.0840008528742207,0.09573485043872126
polar_staged,120.0,6,True,True,0.012491747077168332,-0.01270014625526701,-0.001631122468023338,0.0023546741108310485,221.29599707319016,29,2.0840008554023894,0.09573485036004968
uv_joint,120.0,7,True,True,0.017525381030272527,-0.016692484437508696,-0.006503600310030447,0.003199114611325904,243.3056367520268,20,2.0834359341666198,0.09576426842102681
polar_plain_joint,120.0,7,True,True,0.16672613488671412,-0.04268264613965594,-0.032502281670850834,0.16776454318465403,482.7258695619214,27,2.079782719747581,0.09592237642527478
polar_cov_joint,120.0,7,True,True,0.012491772635704558,-0.012700171059573304,-0.001631133966900546,0.002354678248955328,221.29599707318624,22,2.084000852869478,0.09573485046750994
polar_staged,120.0,7,True,True,0.01249174701881545,-0.01270014621002998,-0.0016311225085308824,0.0023546743787037244,221.29599707319207,24,2.0840008553660976,0.09573485034394337
uv_joint,120.0,8,True,True,0.017525381155050885,-0.016692484524377597,-0.00650360042690947,0.0031991151895157588,243.30563675202558,19,2.083435934134962,0.09576426841275415
polar_plain_joint,120.0,8,True,True,0.16672603893827354,-0.042682441905863275,-0.03250241515090983,0.16776442097953415,482.7258695617609,24,2.0797827324154534,0.09592237708441258
polar_cov_joint,120.0,8,True,True,0.012491765925135042,-0.012700164185286215,-0.0016311339197027047,0.0023546773444469236,221.2959970731867,18,2.0840008533715224,0.09573485041140349
polar_staged,120.0,8,True,True,0.012491747077168332,-0.012700146252829114,-0.0016311224101881318,0.0023546741656224634,221.29599707319124,33,2.0840008554508924,0.09573485037845943
uv_joint,120.0,9,True,True,0.01752538098867974,-0.016692484539132187,-0.006503600034786835,0.0031991163135015196,243.30563675202734,17,2.0834359342884348,0.09576426841455087
polar_plain_joint,120.0,9,True,True,0.16672608058618177,-0.04268268318154394,-0.03250236864234414,0.1677644669518949,482.7258695625579,27,2.079782711698634,0.09592237693587416
polar_cov_joint,120.0,9,True,True,0.012491771818765852,-0.01270017026963802,-0.0016311336767162782,0.0023546780815341096,221.29599707318596,16,2.084000852794074,0.095734850431475
polar_staged,120.0,9,True,True,0.012491746960462569,-0.012700146121605787,-0.001631122597576872,0.0023546743906594295,221.29599707319088,25,2.0840008554954332,0.09573485033818568
